"","Latitude","Longitude","Elevation","Category7","Category10","AcousticDiversity","AcousticEveness","BioAcoustic","SoundscapeSaturation","EntropyOfVarianceSpectrum","AcousticComplexity","TemporalEntropy","EventsPerSecond","Aburria_aburri","Accipiter_bicolor","Amazilia_amabilis","Amazilia_franciae","Amazilia_rosenbergi","Amazilia_tzacatl","Amazona_autumnalis","Amazona_farinosa","Amblycercus_holosericeus","Ampelioides_tschudii","Anabacerthia_variegaticeps","Androdon_aequatorialis","Anthracothorax_nigricollis","Ara_ambiguus","Ara_severus","Aramides_wolfi","Arremon_aurantiirostris","Arremonops_conirostris","Neochelidon_tibialis","Attila_spadiceus","Attila_torridus","Aulacorhynchus_haematopygus","Automolus_ochrolaemus","Hyloctistes_subulatus","Baryphthengus_martii","Bubulcus_ibis","Buteo_brachyurus","Buteo_nitidus","Cacicus_cela","Cacicus_uropygialis","Campephilus_gayaquilensis","Campephilus_haematogaster","Camptostoma_obsoletum","Campylorhamphus_pusillus","Campylorhamphus_trochilirostris","Campylorhynchus_zonatus","Thryothorus_leucopogon","Thryothorus_nigricapillus","Capito_squamatus","Capsiempis_flaveola","Wilsonia_canadensis","Catharus_ustulatus","Celeus_loricatus","Cephalopterus_penduliger","Pipra_mentalis","Cercomacra_tyrannina","Chaetura_cinereiventris","Chaetura_spinicaudus","Chlorophanes_spiza","Chlorophonia_flavirostris","Chlorospingus_canigularis","Chlorospingus_flavigularis","Chlorospingus_flavovirens","Chlorothraupis_olivacea","Chlorothraupis_stolzmanni","Chondrohierax_uncinatus","Chrysothlypis_salmoni","Strix_nigrolineata","Strix_virgata","Claravis_pretiosa","Automolus_rubiginosus","Cnipodectes_subbrunneus","Coereba_flaveola","Colaptes_rubiginosus","Colonia_colonus","Columbina_buckleyi","Conopias_albovittatus","Contopus_cooperi","Contopus_sordidulus","Contopus_virens","Coragyps_atratus","Cranioleuca_erythrops","Crax_rubra","Crotophaga_ani","Leucopternis_plumbeus","Xenopipo_holochlora","Crypturellus_berlepschi","Crypturellus_soui","Cyanerpes_caeruleus","Cyanocompsa_cyanoides","Cymbilaimus_lineatus","Cyphorhinus_phaeocephalus","Dacnis_berlepschi","Dacnis_cayana","Dacnis_lineata","Dacnis_venusta","Damophila_julie","Dendrocincla_fuliginosa","Dendrocolaptes_sanctithomae","Dives_warszewiczi","Dryocopus_lineatus","Dysithamnus_mentalis","Dysithamnus_puncticeps","Elaenia_flavogaster","Elanoides_forficatus","Electron_platyrhynchum","Empidonax_alnorum","Empidonax_virescens","Epinecrophylla_fulviventris","Eubucco_bourcierii","Terenura_callinota","Euphonia_fulvicrissa","Euphonia_laniirostris","Euphonia_minuta","Euphonia_saturata","Euphonia_xanthogaster","Eutoxeres_aquila","Falco_rufigularis","Florisuga_mellivora","Fluvicola_nengeta","Formicarius_nigricapillus","Forpus_coelestis","Furnarius_leucopus","Galbula_ruficauda","Gallinula_chloropus","Geothlypis_semiflava","Geotrygon_montana","Geotrygon_saphirina","Geranospiza_caerulescens","Glaucidium_peruanum","Glaucis_aeneus","Glyphorynchus_spirurus","Grallaria_guatimalensis","Gymnopithys_leucaspis","Myrmeciza_immaculata","Harpagus_bidentatus","Heliodoxa_jacula","Heliomaster_longirostris","Heliothryx_barroti","Hemithraupis_guira","Henicorhina_leucosticta","Herpetotheres_cachinnans","Heterospingus_xanthopygius","Hylopezus_perspicillatus","Hylophylax_naevioides","Icterus_mesomelas","Ictinia_plumbea","Jacamerops_aureus","Laterallus_albigularis","Legatus_leucophaius","Lepidocolaptes_souleyetii","Lepidothrix_coronata","Leptodon_cayanensis","Leptopogon_superciliaris","Leptotila_pallida","Leptotila_verreauxi","Geotrygon_veraguensis","Leucopternis_semiplumbeus","Lipaugus_unirufus","Lophotriccus_pileatus","Malacoptila_panamensis","Manacus_manacus","Masius_chrysopterus","Megaceryle_torquata","Megarynchus_pitangua","Megascops_guatemalae","Melanerpes_pucherani","Micrastur_plumbeus","Micrastur_ruficollis","Micrastur_semitorquatus","Microbates_cinereiventris","Microcerculus_marginatus","Micromonacha_lanceolata","Microrhopias_quixensis","Mionectes_oleagineus","Mionectes_olivaceus","Mitrephanes_phaeocercus","Mitrospingus_cassinii","Molothrus_bonariensis","Momotus_momota","Leucopternis_princeps","Myiarchus_tuberculifer","Myiobius_atricaudus","Myiobius_sulphureipygius","Myiodynastes_maculatus","Myiopagis_caniceps","Myiopagis_subplacens","Myiopagis_viridicata","Myiophobus_fasciatus","Myiornis_atricapillus","Basileuterus_chrysogaster","Phaeothlypis_fulvicauda","Myiotriccus_ornatus","Myiozetetes_cayanensis","Myiozetetes_granadensis","Myiozetetes_similis","Myrmotherula_axillaris","Myrmotherula_ignota","Myrmotherula_pacifica","Myrmotherula_schisticolor","Neomorphus_radiolosus","Notharchus_hyperrhynchus","Notharchus_pectoralis","Notharchus_tectus","Nyctibius_griseus","Nyctidromus_albicollis","Nyctiphrynus_rosenbergi","Nystalus_radiatus","Odontophorus_erythrops","Odontorchilus_branickii","Ornithion_brunneicapillus","Ortalis_erythroptera","Pachyramphus_albogriseus","Pachyramphus_cinnamomeus","Pachyramphus_homochrous","Pachyramphus_spodiurus","Hylophilus_decurtatus","Panyptila_cayennensis","Passer_domesticus","Patagioenas_cayennensis","Patagioenas_goodsoni","Patagioenas_speciosa","Patagioenas_subvinacea","Penelope_ortoni","Penelope_purpurascens","Phaenostictus_mcleannani","Phaethornis_striigularis","Phaethornis_yaruqui","Phyllomyias_griseiceps","Piaya_cayana","Piculus_litae","Picumnus_olivaceus","Pionus_chalcopterus","Pionus_menstruus","Piranga_rubra","Pittasoma_rufopileatum","Platyrinchus_coronatus","Platyrinchus_mystaceus","Myrmeciza_exsul","Polioptila_plumbea","Polioptila_schistaceigula","Porphyrio_martinica","Premnoplex_brunnescens","Progne_chalybea","Psarocolius_wagleri","Aratinga_erythrogenys","Pteroglossus_torquatus","Pulsatrix_perspicillata","Pygochelidon_cyanoleuca","Pyrilia_pulchra","Pyrocephalus_rubinus","Pyrrhura_melanura","Querula_purpurata","Ramphastos_ambiguus","Ramphastos_brevis","Ramphocaenus_melanurus","Ramphocelus_flammigerus","Rhynchocyclus_pacificus","Rhynchortyx_cinctus","Rhytipterna_holerythra","Rostrhamus_sociabilis","Buteo_magnirostris","Saltator_atripennis","Saltator_grossus","Saltator_maximus","Sapayoa_aenigma","Schiffornis_turdina","Sclerurus_guatemalensis","Sclerurus_mexicanus","Scytalopus_chocoensis","Parula_pitiayumi","Myrmeciza_berlepschi","Myrmeciza_nigricauda","Sirystes_albogriseus","Sittasomus_griseicapillus","Carduelis_xanthogastra","Spizaetus_ornatus","Spizaetus_tyrannus","Oryzoborus_angolensis","Sporophila_corvina","Oryzoborus_crassirostris","Oryzoborus_funereus","Sporophila_nigricollis","Stelgidopteryx_ruficollis","Streptoprocne_zonaris","Synallaxis_brachyura","Tachyphonus_delatrii","Tachyphonus_luctuosus","Tachyphonus_rufus","Tangara_cyanicollis","Tangara_florida","Tangara_gyrola","Tangara_icterocephala","Tangara_johannae","Tangara_larvata","Tangara_lavinia","Tangara_palmeri","Tapera_naevia","Taraba_major","Terenotriccus_erythrurus","Tersina_viridis","Thalurania_colombica","Thamnistes_anabatinus","Thamnophilus_atrinucha","Thraupis_episcopus","Thraupis_palmarum","Threnetes_ruckeri","Tiaris_obscurus","Tiaris_olivaceus","Tinamus_major","Tityra_inquisitor","Tityra_semifasciata","Todirostrum_cinereum","Todirostrum_nigriceps","Tolmomyias_assimilis","Touit_dilectissimus","Troglodytes_aedon","Trogon_caligatus","Trogon_chionurus","Trogon_collaris","Trogon_comptus","Trogon_massena","Trogon_rufus","Hylophilus_ochraceiceps","Turdus_assimilis","Turdus_maculirostris","Turdus_obsoletus","Tyrannulus_elatus","Tyrannus_melancholicus","Tyrannus_niveigularis","Vanellus_chilensis","Veniliornis_callonotus","Veniliornis_kirkii","Vireo_olivaceus","Vireolanius_leucotis","Volatinia_jacarina","Xenerpestes_minlosi","Xenops_minutus","Xenops_rutilans","Xiphorhynchus_erythropygius","Xiphorhynchus_lachrymosus","Zimmerius_albigularis","Zimmerius_chrysops","Zonotrichia_capensis","Color","TD_q0_est_Axis1","TD_q0_est_Axis2","TD_q1_est_Axis1","TD_q1_est_Axis2","TD_q2_est_Axis1","TD_q2_est_Axis2","FD_q0_est_Axis1","FD_q0_est_Axis2","FD_q1_est_Axis1","FD_q1_est_Axis2","FD_q2_est_Axis1","FD_q2_est_Axis2","PD_q0_est_Axis1","PD_q0_est_Axis2","PD_q1_est_Axis1","PD_q1_est_Axis2","PD_q2_est_Axis1","PD_q2_est_Axis2"
"CR01",0.496584764,-79.17814275,560,"C_Reg_I","F_CReg1",5.25537881,0.38091875,190.9141566,0.727523077,0.441482614,0.458099271,0.079964851,0.81063058,0,0,0,0,2,0,3,1,0,0,0,0,0,0,0,0,3,0,0,0,0,0,0,0,2,0,0,0,0,1,0,0,6,0,0,0,0,6,0,0,0,0,0,1,0,0,0,0,0,0,0,0,0,0,8,0,0,0,0,0,0,0,5,1,1,0,0,0,7,0,0,0,0,0,0,0,0,6,0,0,0,0,0,1,0,0,0,0,0,0,2,0,0,0,0,0,0,0,0,0,0,0,2,0,0,3,0,0,0,0,0,0,1,0,0,1,0,0,0,0,0,0,8,0,2,0,0,0,0,0,0,1,0,0,0,0,0,0,0,0,0,0,0,0,1,0,0,0,0,12,0,12,0,0,2,0,3,0,0,0,0,4,0,0,0,0,0,0,0,0,0,2,0,0,0,0,0,0,0,1,0,0,4,2,0,1,0,0,1,0,0,0,0,0,0,0,0,1,3,0,0,0,0,1,0,0,3,1,0,0,0,0,2,0,0,0,0,3,0,0,0,2,0,0,0,0,0,0,8,0,0,0,0,0,0,0,0,0,1,0,0,2,0,12,0,0,17,0,0,0,0,0,0,3,9,0,0,0,0,0,0,0,0,0,0,0,0,0,0,0,0,1,0,0,0,0,0,0,0,2,0,2,0,0,1,0,0,0,0,0,0,0,0,0,3,4,1,0,0,5,0,0,0,0,0,0,0,0,0,0,0,0,1,0,0,3,0,0,0,0,0,0,0,0,1,0,0,0,0,0,0,1,0,0,"greenyellow",-0.0914723291018975,0.113069249644922,-0.0810407749222705,0.0830243013578543,-0.0658814863059149,0.0755992956046618,-0.0114117556605312,0.0242852457194525,-0.0384464345111603,0.00354087130827726,-0.0441436298694395,-0.00830691276573568,-0.0371362737886728,0.0765203723941403,-0.0760738318323931,0.231402805020392,-0.0467656032763471,0.00563060471450843
"CR02",0.501487004,-79.22595296,400,"C_Reg_I","F_CReg1",5.168658456,0.457600148,423.6098771,0.728173405,0.510436138,0.438352915,0.054426089,0.916830446,0,0,1,0,2,0,0,0,0,0,0,0,0,0,0,0,0,0,0,1,0,0,0,0,0,0,0,0,0,0,0,0,0,0,0,0,5,4,0,0,0,1,1,0,0,0,0,0,0,0,0,0,0,0,0,0,0,0,0,0,0,0,1,0,0,0,0,0,0,0,0,0,0,0,0,0,0,3,0,0,0,0,1,0,0,0,0,1,0,0,0,0,0,0,0,0,0,0,0,0,0,0,0,1,1,2,0,0,0,0,2,0,0,2,0,0,0,1,0,0,0,1,0,0,2,0,0,0,0,0,0,0,0,0,0,0,0,0,0,0,0,0,0,0,0,0,0,0,0,6,0,6,0,0,0,0,1,0,0,0,0,5,0,1,0,0,2,0,0,0,1,0,0,0,0,0,0,0,0,1,0,0,0,2,0,0,1,0,0,0,0,0,0,0,0,0,0,0,0,0,2,0,0,0,0,0,0,0,0,0,0,0,4,0,0,0,0,1,0,0,0,0,0,0,0,0,0,0,3,0,1,0,0,0,0,0,0,0,0,1,0,0,0,1,0,0,0,0,0,0,0,0,0,0,0,0,0,0,0,0,0,0,0,0,0,0,0,0,0,0,0,0,0,0,0,0,0,0,0,1,0,0,0,1,1,0,0,0,0,0,0,0,1,0,1,0,1,0,0,1,0,0,0,4,0,0,0,0,0,0,0,0,0,1,0,0,0,0,0,0,0,0,0,0,0,0,0,0,0,1,0,4,0,0,"greenyellow",0.141528759203295,-0.102029221167592,0.140079267530092,-0.131436497449838,0.132689234687281,-0.183836339857886,0.0381851147052768,-0.0164445311421861,0.174592972684428,-0.0248581210315105,0.218894828899095,-0.0259274011903607,0.071654530584119,-0.0885977162058744,-0.119256870325826,-0.342971386739051,0.230550961725728,-0.0466477874408743
"CR03",0.508255139,-79.23685488,250,"C_Reg_I","F_CReg1",5.193745698,0.435346451,448.8283127,0.762208484,0.503033538,0.445681367,0.072946726,1.636154514,0,0,2,0,1,1,0,1,0,0,0,0,0,0,0,0,0,0,1,1,0,0,0,0,1,0,0,0,0,0,0,1,1,0,6,1,3,6,0,0,0,2,1,0,0,10,0,0,2,0,0,0,0,0,0,0,0,0,0,0,0,0,4,0,7,0,0,0,2,0,0,0,0,0,1,0,0,4,0,0,1,0,0,0,1,0,0,0,0,0,0,0,0,0,0,0,0,6,1,0,0,0,3,1,3,1,0,0,0,0,0,0,0,0,0,0,0,1,0,0,0,1,0,1,0,0,0,0,0,0,5,1,1,0,0,0,0,0,0,0,0,0,0,0,3,3,2,0,0,2,0,2,0,0,2,0,1,0,0,0,2,9,0,1,0,0,0,0,0,0,0,3,1,0,0,0,0,0,0,1,0,0,2,2,0,0,0,0,12,0,0,0,0,0,0,1,0,1,0,0,1,0,0,3,0,0,2,0,0,0,15,0,8,0,0,1,0,1,1,1,0,1,1,0,1,0,0,0,11,0,0,0,0,0,0,0,0,0,0,2,0,1,4,11,2,0,8,0,1,1,0,0,0,10,4,0,0,0,0,0,0,0,0,0,0,0,0,0,0,1,0,1,0,0,0,0,0,3,0,1,0,0,0,0,3,2,2,0,0,1,2,0,0,2,1,2,3,0,0,7,0,0,1,1,0,0,0,0,0,0,1,0,1,2,0,0,0,8,1,0,0,0,0,0,0,0,0,0,0,1,4,4,1,0,"greenyellow",-0.0331529132435057,0.0219563475736174,-0.0301597725449783,0.0295249307122241,-0.022071396545054,0.0462391436468802,-0.00508753285746459,0.00404489952964152,-0.0808244029670047,0.0326123369946681,-0.114956816613843,0.0324118880639476,-0.0205516684209568,0.0188761135229354,-0.00720549129049483,0.335864329825713,-0.124118029891579,0.0143943964519048
"CR05",0.51179071,-79.20359239,377,"C_Reg_I","F_CReg1",5.198613161,0.42464034,172.0798396,0.651794434,0.462477192,0.451602855,0.07840845,0.840085565,0,0,0,0,1,1,4,2,0,0,0,0,0,0,0,0,5,0,0,11,0,0,0,0,0,0,0,0,0,1,0,0,0,0,0,0,0,7,0,0,0,1,2,1,0,5,0,0,2,0,0,0,0,0,0,0,0,0,0,0,1,0,3,0,2,0,0,0,0,0,0,0,0,0,0,0,0,8,2,0,0,0,0,0,1,0,0,1,2,0,0,0,0,0,0,0,0,6,4,0,0,0,3,0,2,1,0,0,0,0,13,0,0,0,0,0,0,0,0,0,1,1,1,0,0,0,0,0,0,2,0,0,0,1,0,0,0,0,0,1,0,1,0,0,6,7,0,0,0,18,0,3,0,0,1,0,0,0,0,0,0,3,0,1,14,0,0,0,0,0,0,3,0,0,0,0,0,0,0,2,0,3,0,4,0,1,3,0,0,2,0,0,0,0,0,1,0,1,2,0,2,0,0,1,0,0,10,0,0,0,1,0,9,0,0,0,0,4,1,0,0,1,1,0,0,0,0,1,12,0,0,0,0,0,0,0,1,0,0,0,0,0,0,3,1,0,11,0,0,7,0,1,0,2,2,0,0,0,0,0,0,0,0,0,0,0,0,1,0,0,0,0,0,1,0,0,4,5,0,0,0,1,1,0,2,0,0,0,0,0,0,1,0,5,4,2,1,0,0,3,0,1,1,0,0,0,0,1,4,0,0,0,1,0,0,1,1,16,0,0,0,0,1,0,0,0,0,1,4,1,1,5,0,0,"greenyellow",-0.03399873116978,0.0663494908745721,-0.0558895015814154,0.0791433517557562,-0.0815114086138161,0.060812955263645,-0.00659605010189302,0.0141426175982127,-0.121716409568705,0.0550745529103968,-0.173119035219869,0.0579020466223877,-0.0188109900025563,0.0502727968029213,0.130950760681434,0.248325063367489,-0.174827813006185,-0.0323273542568417
"CR06",0.520721963,-79.21059304,397,"C_Reg_I","F_CReg1",5.251310805,0.399778989,172.7290443,0.713155111,0.506811087,0.446486423,0.085560663,0.938696677,0,0,0,0,2,0,0,1,0,0,0,0,0,0,0,0,8,0,0,0,0,0,0,0,0,0,0,0,0,3,0,0,0,0,0,0,0,0,0,0,0,0,0,0,0,0,0,0,0,0,0,0,0,0,0,0,0,0,0,0,0,0,1,0,0,0,0,0,0,0,0,0,0,0,0,0,2,1,0,0,0,0,1,4,0,0,1,2,0,0,0,0,1,0,0,0,0,1,1,0,0,0,1,0,0,0,0,0,0,0,1,0,0,0,0,0,0,0,0,0,0,3,0,0,0,0,0,0,0,0,0,0,0,0,0,0,0,0,0,0,0,1,0,0,0,0,0,0,0,7,0,1,0,0,0,0,1,0,0,0,12,3,0,0,0,0,1,0,0,0,0,1,0,0,0,0,0,0,0,2,0,0,2,0,0,0,3,0,0,0,0,0,0,0,0,0,0,0,0,0,0,0,0,0,0,0,2,0,0,0,0,0,4,0,0,0,0,0,0,0,0,0,2,0,0,0,1,0,6,0,0,0,0,0,0,0,0,0,0,0,0,0,0,6,0,0,1,0,2,0,0,0,0,6,1,0,1,0,0,0,0,0,0,0,0,0,0,1,0,0,0,0,0,0,0,0,0,3,0,0,0,0,0,0,0,0,0,0,0,0,0,1,1,5,2,0,14,0,0,1,0,0,0,0,0,0,0,0,0,0,0,0,0,0,0,0,0,2,0,0,0,0,0,0,0,0,0,0,0,0,2,5,0,0,"greenyellow",0.111769218649046,0.127359556755594,0.131153740812616,0.149471198594287,0.146118783881834,0.135099578345909,0.0344511769795684,0.0122273577352478,0.0957571925102644,0.000587887935624418,0.115053168975521,-0.00285028712563459,0.0825328597870148,-0.0270975359477594,-0.25352282832261,-0.0837491544089668,0.103604552344677,-0.0063934929455278
"CR12",0.479973005,-79.21434,400,"C_Reg_I","F_CReg1",5.267075011,0.382323549,166.1457609,0.732981364,0.505381573,0.457729766,0.091075129,1.14078621,0,0,0,0,2,0,0,0,0,0,0,0,0,0,0,0,1,0,0,0,0,0,0,0,0,0,0,0,0,3,0,0,0,0,0,0,6,3,0,0,0,0,0,0,0,0,0,0,1,0,0,0,0,0,0,0,0,2,0,0,1,0,3,0,0,0,0,0,3,0,0,0,0,0,0,0,0,0,0,0,0,0,0,0,1,0,0,0,0,0,1,0,0,0,0,1,0,2,0,0,0,0,1,0,3,1,0,0,0,0,0,0,0,0,0,0,1,0,0,0,1,2,0,0,0,0,0,0,0,0,3,0,0,0,0,0,0,0,0,0,0,0,0,0,4,0,0,0,0,1,2,3,0,0,1,0,0,0,0,0,0,7,0,0,0,0,0,4,0,0,0,3,0,0,0,0,0,0,0,2,2,0,6,0,0,0,0,0,0,0,0,0,0,0,0,0,0,0,1,0,1,0,0,0,0,0,0,0,0,0,3,0,1,0,0,0,0,0,0,0,0,1,0,0,0,0,1,0,19,0,0,0,0,0,0,0,0,0,0,0,0,2,0,3,3,0,4,0,0,0,0,0,0,6,2,0,0,0,0,0,0,0,0,0,0,0,0,0,0,0,0,0,0,0,0,0,8,0,0,0,0,0,0,0,0,0,0,0,0,0,0,0,0,3,0,0,0,0,0,2,0,1,0,1,0,0,0,0,0,0,0,0,0,0,0,0,0,0,0,0,0,0,0,0,1,0,0,0,0,0,0,11,0,0,"greenyellow",0.0636072960526148,0.215993144611168,0.0985571140948811,0.07315179029008,0.140376298079678,-0.0329708742984022,0.0230980687626696,-0.0278247375567009,0.0540514926145331,-0.00256648584120619,0.0545779168823744,0.011924796389963,0.0489584982082809,-0.101286746706936,-0.243025076818376,0.0477402289581513,0.0518180349862164,-0.00279844259672825
"CR13",0.488968967,-79.22612546,311,"C_Reg_I","F_CReg1",5.191864569,0.436827422,299.1789309,0.714596479,0.464745582,0.438141937,0.042802606,0.669250801,0,0,0,0,0,1,0,0,0,0,0,0,0,0,0,0,0,0,0,0,0,0,0,0,0,0,0,0,0,0,2,0,0,0,0,0,0,4,0,0,0,0,1,0,0,0,0,0,0,0,0,0,0,0,0,0,0,0,1,0,0,0,0,0,0,0,0,0,0,0,0,0,0,0,0,0,0,0,0,0,0,0,0,0,0,0,0,2,0,0,0,0,1,0,0,4,0,1,0,0,0,0,0,0,0,1,0,0,0,0,0,0,0,0,0,0,0,0,0,0,0,1,0,0,0,0,0,0,0,0,1,0,0,0,1,0,0,0,0,0,0,0,0,0,0,0,0,0,0,0,0,1,0,0,0,0,3,0,0,0,0,3,0,0,0,0,0,1,0,0,0,0,0,0,0,0,0,0,0,0,0,0,0,0,0,0,0,0,1,0,0,0,0,0,0,0,0,0,0,0,0,0,0,0,0,0,1,0,0,0,1,0,2,0,0,0,0,1,0,0,0,0,0,0,0,0,0,0,10,0,0,0,0,0,0,0,0,0,0,0,0,0,0,3,2,0,4,0,0,1,0,0,0,1,3,0,0,0,0,0,0,0,0,0,0,0,0,0,0,0,0,0,0,0,0,0,0,0,0,0,0,0,0,0,0,0,0,0,0,0,0,0,0,0,0,0,0,0,0,1,0,0,0,0,0,0,0,0,0,0,0,0,0,0,0,0,0,0,0,0,0,0,0,0,0,0,0,0,0,0,3,5,0,0,"greenyellow",0.157117439526057,-0.195308928574389,0.162654331990908,-0.190541959203128,0.180983913642571,-0.172952468984648,0.0578699885896451,-0.0370215163480014,0.246688777823136,-0.0416344506850473,0.30087937770214,-0.0350769128138568,0.124188889695976,-0.165210195693161,0.0665674016816968,-0.512483296524956,0.331563349532645,-0.0144495732898325
"CR17",0.514731333,-79.14412027,450,"C_Reg_I","F_CReg1",5.201614688,0.426556035,122.2327765,0.570029122,0.467944013,0.439397584,0.120001974,0.671995908,0,0,0,0,1,0,0,1,0,0,0,0,0,0,0,0,4,0,0,0,0,0,0,0,0,0,0,0,0,0,0,0,0,0,0,0,3,4,0,0,0,0,0,0,4,0,0,0,0,0,0,0,0,0,0,0,1,0,0,0,1,0,4,0,0,0,0,0,0,0,0,0,0,0,0,0,0,1,0,0,0,0,1,1,2,0,0,0,0,0,0,1,0,0,0,3,0,1,1,0,0,0,0,0,5,1,0,0,0,0,8,0,0,0,0,0,0,0,0,0,0,2,0,2,4,0,0,0,0,0,3,1,2,0,0,0,0,0,0,0,0,0,0,0,0,0,0,0,0,4,2,1,0,0,0,0,0,0,0,0,4,9,0,0,0,0,0,2,0,0,0,0,0,0,0,0,0,0,0,2,0,0,2,0,0,0,0,0,0,0,0,0,0,0,0,0,0,0,0,0,0,0,0,0,0,0,0,0,0,0,0,0,0,0,0,0,0,1,0,0,0,0,0,2,0,0,0,0,17,0,0,0,0,0,0,0,1,0,0,0,0,2,0,1,2,0,1,0,0,0,0,0,0,1,2,0,0,0,0,0,1,0,0,0,0,0,0,0,0,0,0,0,0,0,0,0,2,3,0,0,2,1,1,0,1,0,0,0,0,0,0,0,0,0,0,0,1,0,0,0,0,0,0,0,0,0,0,1,0,0,2,0,3,0,0,0,0,1,0,0,0,0,0,0,2,0,0,0,0,2,0,1,0,0,"greenyellow",0.172444387624674,0.157286452639384,0.181128084272353,0.102809959124547,0.200458491029853,-0.0566629003644361,0.0441216850547076,0.00514596623514971,0.0784160942975134,0.0263227512357988,0.0837134083143527,0.0273244463811437,0.118273376081842,0.144654816362108,-0.250038636472737,-0.127809689488165,0.0732006022378102,0.028698072972439
"CR18",0.541664,-79.144756,270,"C_Reg_I","F_CReg1",5.241398949,0.408637021,371.7547636,0.779679071,0.437509449,0.442653085,0.046292898,0.663178943,0,0,0,0,2,0,0,2,0,0,0,0,0,0,0,0,0,0,0,0,0,0,0,2,5,0,0,0,0,0,0,0,0,0,0,0,5,1,0,0,0,0,0,0,0,0,0,0,0,0,0,0,0,1,0,0,0,0,0,0,0,0,0,0,0,0,0,0,0,0,0,0,0,0,0,1,0,1,0,0,1,0,0,0,0,0,0,0,0,0,0,0,0,0,0,0,0,1,3,0,0,0,0,0,2,0,0,0,0,0,0,0,0,0,0,0,0,0,0,0,0,0,0,0,1,0,0,0,0,0,0,0,0,0,0,0,0,0,0,0,0,1,0,0,10,0,1,0,0,2,0,4,0,0,0,0,1,0,0,0,3,4,0,0,6,1,0,0,0,0,0,0,0,0,0,0,0,0,0,0,0,0,1,5,0,0,0,3,2,0,0,0,0,0,0,0,0,0,1,0,0,0,0,2,0,0,1,0,0,0,4,0,5,1,0,0,0,0,0,1,0,0,0,0,1,0,0,0,3,0,0,0,0,0,0,0,1,0,0,0,0,0,4,3,1,0,0,0,0,0,0,0,0,7,1,0,0,0,0,0,0,0,0,0,0,0,0,0,0,0,0,0,0,0,0,0,0,0,0,0,0,0,0,0,0,0,1,0,0,0,0,0,0,1,0,0,0,0,0,3,0,0,0,2,0,0,0,0,2,0,0,0,1,0,0,0,0,6,1,0,0,0,0,0,0,0,0,1,0,0,9,1,0,0,"greenyellow",0.0734235263070159,-0.129863584606006,0.0707481381623034,-0.126208274400052,0.0617376131115551,-0.148608445697388,0.027085712573779,-0.0201545255885696,0.0857793273358625,-0.0226569898642445,0.108426023372445,-0.0278615154580653,0.0591856309061939,-0.0509237851023198,-0.199420920006596,-0.0894012648109705,0.107465198286511,-0.0506179774246689
"CR04",0.51173321,-79.18950979,560,"C_Reg_II","F_CReg2",5.259735733,0.399676757,537.4899159,0.903257824,0.432101403,0.445422186,0.067278069,0.641539559,0,0,0,0,6,0,0,2,0,0,0,0,0,0,0,0,0,0,0,0,0,0,0,0,1,0,0,0,0,0,0,0,0,0,0,0,2,2,0,0,0,0,0,0,0,0,0,0,0,0,0,0,0,0,2,0,0,0,0,0,0,0,0,0,0,0,0,0,0,0,0,0,0,0,1,0,0,3,0,0,0,1,0,0,2,0,0,0,0,0,0,0,7,0,0,0,0,1,1,0,0,0,0,0,0,3,0,0,0,0,0,0,0,1,0,0,0,1,0,0,0,0,5,1,2,0,0,0,0,0,0,2,1,6,0,0,0,0,0,0,0,1,0,0,0,0,0,0,0,1,0,4,0,0,0,0,0,0,0,0,8,6,0,0,0,0,0,0,0,0,0,0,0,0,0,0,0,0,0,2,0,0,0,0,0,0,2,1,0,0,0,0,0,0,0,0,0,0,0,0,0,0,0,1,0,0,5,0,0,0,0,0,1,0,1,0,0,3,0,0,0,0,0,0,0,0,0,0,9,0,1,0,0,0,0,0,0,0,0,0,0,1,0,2,3,0,0,0,0,1,0,0,0,0,1,0,0,3,0,0,0,0,0,0,0,0,0,0,0,1,0,0,0,0,0,0,0,0,0,0,0,1,0,0,0,2,0,0,0,0,0,0,0,1,0,0,1,0,0,2,0,0,0,0,1,0,0,0,0,0,0,0,0,0,0,0,0,0,0,0,0,0,0,0,0,0,0,0,0,6,0,5,0,0,"chartreuse3",0.217043757807354,-0.0917332084845212,0.22719748513569,-0.0767568731426065,0.243295965615135,-0.0611612117211985,0.0435606986617565,-0.00604524141397612,0.11321939856986,0.0187158124754244,0.134598281843094,0.0203643142495159,0.131887006741482,-0.0458414470536476,-0.272959224686951,-0.220391928650886,0.126799411972826,0.00590011947820487
"CR07",0.458986899,-79.2087108,168,"C_Reg_II","F_CReg2",5.229147122,0.408393671,218.0198311,0.68485805,0.50244404,0.449163787,0.068113753,0.870659722,0,0,0,0,2,3,0,1,0,0,0,0,0,0,0,0,1,0,0,0,0,0,0,2,1,0,0,0,0,5,0,0,0,0,0,0,3,3,0,0,0,1,1,0,0,0,0,0,0,0,0,0,0,0,0,0,0,0,0,0,0,0,9,1,0,0,0,0,0,0,0,0,0,0,0,0,0,3,1,0,0,0,0,0,0,0,0,3,2,0,0,1,1,0,0,4,0,1,1,0,0,0,6,0,5,3,0,0,0,0,0,0,0,1,0,0,0,0,0,0,0,1,0,1,0,0,0,0,0,0,3,0,0,0,0,0,0,0,0,0,2,1,0,1,7,4,0,0,0,4,0,15,0,0,12,0,1,0,0,0,3,6,0,0,0,0,0,1,0,0,0,1,0,0,0,0,0,0,0,1,0,0,0,5,0,1,2,0,1,0,0,0,0,0,1,0,0,0,0,0,0,0,0,0,0,0,5,0,0,0,6,0,6,0,0,0,0,2,1,0,0,0,0,0,0,0,0,0,11,0,2,0,0,0,0,0,0,0,0,0,0,0,0,7,0,0,2,0,0,1,0,0,1,3,4,0,0,0,0,0,0,0,0,0,0,0,0,0,0,0,0,0,0,0,0,0,4,0,0,1,0,0,0,0,2,0,1,0,0,0,0,0,0,0,2,0,3,0,0,2,0,0,0,3,0,0,0,0,4,0,1,0,3,0,0,0,0,11,1,0,0,0,0,0,0,0,0,1,1,2,0,6,0,0,"chartreuse3",0.00939573898472085,0.00784184307478519,-0.0013471477296518,0.00284907717446707,-0.0107284048287374,-0.00447576379576169,0.00267735146139048,0.00551118585384129,-0.0539503824903975,0.0252074995823897,-0.0718189466086786,0.0193460283372109,0.0103385875498313,-0.00698693000285998,-0.0978645242536295,0.31905163912369,-0.0786371326654013,0.000624893506901276
"CR08",0.45927,-79.21077,172,"C_Reg_II","F_CReg2",5.216022645,0.421283379,156.337092,0.64722261,0.521028311,0.440412576,0.053177691,0.60094246,0,0,0,0,2,0,1,0,0,0,0,0,0,0,0,0,0,0,0,1,0,0,0,4,6,0,0,0,0,4,0,0,0,0,0,0,7,1,0,0,0,0,1,0,1,0,0,0,0,0,0,3,0,0,0,0,0,0,0,0,0,0,2,0,0,0,0,0,0,0,0,0,0,0,0,0,0,0,1,0,0,0,0,0,0,0,0,2,0,0,0,1,1,0,0,2,0,0,3,0,0,0,2,0,2,0,0,0,1,0,0,0,0,0,0,0,0,0,0,0,0,1,0,0,0,0,0,0,0,0,1,1,0,0,0,0,0,0,0,0,0,0,0,2,0,0,0,0,0,11,1,1,0,0,0,0,2,0,0,0,1,9,0,2,4,0,0,0,0,0,0,0,0,0,0,1,0,1,0,0,0,0,2,0,0,0,6,0,0,0,0,0,0,0,0,0,0,0,0,0,0,0,0,1,0,0,7,0,0,0,5,0,4,0,0,0,0,24,0,0,0,1,1,0,0,0,4,0,14,0,2,0,0,0,0,0,2,0,0,0,0,2,3,8,1,0,0,0,0,3,0,0,0,4,4,0,0,0,0,0,0,0,0,0,0,0,0,0,0,0,0,0,0,0,0,0,0,4,0,0,0,1,0,0,2,0,0,0,0,0,0,0,0,5,0,0,1,0,0,4,0,0,0,2,0,0,0,0,4,0,0,0,3,0,0,0,0,3,0,0,0,0,0,0,0,0,0,3,1,1,6,5,0,0,"chartreuse3",0.131674523255333,0.135024761802624,0.124606079956768,0.115880434945779,0.124099578102127,0.108672070857827,0.0314011000867204,0.0393057729421872,-0.0365860616979476,0.0884515174948563,-0.0617238233880176,0.0769838592761853,0.0816887388212253,0.0894325221195885,-0.16706841580615,0.0975019836946745,-0.0534854815250075,0.0411599594426491
"CR10",0.477182753,-79.19957402,347,"C_Reg_II","F_CReg2",5.247679959,0.402666681,185.6141253,0.741399856,0.464739257,0.440921869,0.06299778,0.545771329,0,0,0,0,0,1,0,4,0,0,0,0,0,0,0,0,3,0,0,0,0,0,0,0,1,0,0,0,0,4,1,0,0,0,1,0,2,11,0,0,0,0,1,0,0,0,0,0,2,0,0,0,0,0,1,0,0,0,0,0,0,0,1,0,5,0,0,0,0,0,0,0,0,0,0,0,0,3,1,0,0,0,0,2,0,0,0,1,1,0,0,1,0,0,0,0,0,2,0,0,0,0,1,0,2,3,2,0,0,0,1,0,0,0,0,0,0,0,0,0,0,1,0,3,2,0,0,0,1,0,1,0,0,0,1,0,0,0,0,1,0,0,0,1,1,0,0,0,1,19,0,5,0,0,0,1,0,0,0,0,2,8,0,0,3,0,3,0,0,0,0,0,0,0,0,0,0,0,0,0,0,0,4,0,0,0,2,0,0,0,0,0,0,0,0,0,1,1,2,0,0,0,0,0,0,0,5,0,0,0,2,0,1,0,0,1,0,3,0,0,0,0,0,2,0,0,2,0,13,0,0,0,0,0,0,0,0,0,0,0,0,3,0,13,1,0,0,0,3,1,0,0,0,0,1,0,0,0,0,0,2,0,0,0,0,0,0,0,0,0,0,0,0,0,0,0,4,2,0,1,0,0,1,0,0,0,4,0,0,1,3,0,0,5,2,0,2,0,0,6,0,0,0,1,0,0,0,0,2,0,1,0,2,1,1,0,0,1,0,0,0,0,0,0,1,0,0,0,0,0,0,5,0,0,"chartreuse3",0.108474574228817,0.0724738578350714,0.107759846833343,0.0605898495453586,0.102963484106254,0.0582003847973808,0.0195753220198205,0.0149592311106122,-0.0217861000404139,0.0516317382274425,-0.0503850955321923,0.0550815605153377,0.0668805789305984,0.0612558901811774,-0.28111546482493,0.199150108838709,-0.0434428429784286,0.0129197816479375
"CR11",0.477901585,-79.20506568,372,"C_Reg_II","F_CReg2",5.311363512,0.36262013,139.9038484,0.779577346,0.514035329,0.439188949,0.064180594,1.145110987,0,0,0,0,3,0,0,2,0,0,0,0,0,2,0,0,2,0,0,0,0,0,0,0,3,0,0,0,0,2,0,0,0,0,0,0,9,0,0,0,0,0,0,0,2,1,0,0,1,0,0,0,0,0,10,0,0,0,0,0,0,0,0,0,0,0,0,0,0,0,0,0,0,0,0,0,0,4,0,0,0,0,0,0,0,0,0,0,0,0,0,0,0,0,0,1,0,0,2,0,0,0,1,1,4,4,0,0,0,0,0,0,0,0,0,0,0,0,0,1,0,2,0,0,0,0,0,0,0,0,1,1,0,2,0,0,0,0,0,0,0,1,0,0,1,0,0,0,1,2,0,0,0,0,0,0,1,0,0,0,4,3,0,2,0,0,0,0,0,0,0,0,0,0,0,0,0,0,0,3,0,0,0,0,0,0,2,0,2,0,0,0,0,0,0,0,0,0,1,0,0,0,0,0,0,0,3,0,0,0,3,0,2,0,0,0,0,0,0,0,0,0,0,0,0,0,1,1,10,0,0,0,0,0,0,0,1,0,0,0,0,3,3,16,4,0,0,0,4,0,0,0,0,2,2,0,0,0,0,0,0,0,0,0,0,0,0,0,0,0,0,0,0,0,0,0,1,0,0,0,0,0,0,0,0,0,0,0,0,0,0,0,0,0,0,1,1,0,0,3,0,0,0,0,0,0,0,1,1,2,0,0,0,1,0,0,0,0,0,0,0,0,0,0,1,0,0,0,0,2,3,5,0,0,"chartreuse3",0.188349900619108,0.0855591973446116,0.199056961784872,0.0530977631610035,0.205419139401342,0.0767721110025481,0.0374541503244938,0.0211018209256838,0.0569487074721848,0.0516197986143364,0.0673033302378587,0.0556542443772143,0.104981584193071,0.0590934336032007,-0.335284295136515,-0.0749350418894475,0.0711580248430282,0.0393869225266117
"CR14",0.498159975,-79.13848336,529,"C_Reg_II","F_CReg2",5.29606556,0.376115361,322.8952596,0.879183815,0.494570865,0.436408959,0.041451273,0.661647445,0,0,0,0,0,0,0,0,0,0,0,0,0,0,0,0,0,0,0,0,0,0,0,1,2,0,0,0,0,0,0,0,0,0,0,0,0,1,0,0,0,0,0,2,0,0,0,0,0,0,0,0,0,0,0,0,0,0,0,0,0,0,0,0,0,0,0,0,0,0,0,0,0,0,0,0,0,0,0,0,0,0,0,0,0,0,0,0,0,0,0,0,0,0,0,1,0,0,0,1,0,0,0,0,0,1,0,0,0,0,0,0,0,1,0,0,0,1,0,0,0,0,0,0,1,0,0,0,0,0,0,0,0,3,0,0,0,0,0,0,0,0,0,0,0,0,0,0,0,0,0,1,0,0,0,0,0,0,0,0,4,3,0,0,0,0,0,0,0,0,0,0,0,0,0,0,0,0,0,0,0,0,0,0,0,0,1,0,0,0,0,0,0,0,0,0,0,0,1,0,0,0,0,0,0,0,0,0,0,0,0,0,1,0,0,0,0,0,0,0,0,0,0,0,0,0,0,0,4,0,0,0,0,0,0,0,0,0,0,0,0,0,0,2,1,0,0,0,0,0,0,0,0,1,0,0,0,0,0,0,0,0,0,0,0,0,0,0,0,0,0,0,0,0,0,0,0,0,0,0,0,0,0,0,0,0,0,0,0,0,0,0,0,0,0,0,0,0,0,1,0,0,0,2,0,0,0,0,0,0,1,0,0,0,0,0,0,0,0,0,0,0,0,0,0,0,0,0,0,0,0,0,0,0,"chartreuse3",0.313486140929058,-0.255612236170794,0.335608385422291,-0.259467342933161,0.364046913173139,-0.262804797923328,0.0922018951500313,-0.0437502589194207,0.415640524531522,-0.0495859121271435,0.529683334582574,-0.0283919182843931,0.25060552685891,-0.153498842263785,0.359475759899579,-0.727185883736853,0.528600389332593,-0.00719752336019671
"CAZ01",0.412866,-79.259515,150,"CA_M","A_Caca",5.221409594,0.417751686,456.9790638,0.810969761,0.456330034,0.459254328,0.063778547,1.811945064,0,0,0,0,0,4,0,0,0,0,0,1,0,0,0,0,0,0,0,0,0,0,0,0,1,0,0,0,0,0,0,0,9,0,0,1,0,0,0,0,0,0,0,0,0,0,0,0,0,0,0,0,0,0,0,0,0,0,0,0,0,0,2,0,0,0,0,0,0,0,0,0,0,0,0,0,0,3,0,0,0,0,0,0,0,0,0,0,0,13,0,0,0,3,0,0,0,0,0,0,0,1,8,0,0,0,0,0,0,0,0,0,2,2,0,0,0,0,0,1,0,0,0,0,0,0,0,0,0,0,0,0,0,0,0,0,0,0,0,1,4,0,0,0,0,4,3,0,0,1,0,0,0,0,5,0,2,0,0,0,0,0,0,0,0,0,0,0,0,0,0,0,0,0,0,0,0,0,4,0,0,1,0,6,2,1,0,0,6,0,0,0,0,0,0,0,0,0,0,0,0,0,0,0,0,0,0,0,0,0,0,0,1,0,0,0,0,0,12,0,0,0,0,0,2,0,0,0,0,2,0,0,0,0,0,1,0,0,0,0,0,0,1,0,0,0,5,0,0,0,0,2,0,0,1,0,0,0,0,0,0,0,0,0,0,0,0,0,0,0,0,0,1,1,0,2,0,0,0,0,0,0,0,0,0,0,0,0,0,0,0,0,0,0,6,4,0,1,0,0,0,0,10,0,0,0,1,0,0,0,0,0,0,0,0,4,0,5,4,0,0,0,0,0,0,0,0,0,0,0,0,6,0,0,"orange",-0.437303104347292,-0.113479162413358,-0.436796894685678,-0.105019353171912,-0.434870460741757,-0.107624344253278,-0.0665588677629468,-0.0467338937610699,-0.0314971575515389,-0.127372028960596,-0.0133427146585937,-0.12483040706154,-0.251292166984524,-0.109832505973792,0.209306722739099,0.034622802958425,-0.00221027288909741,-0.0694896619491815
"CAZ05",0.426547,-79.24618,160,"CA_M","A_Caca",5.214712139,0.417980454,421.2068614,0.815080915,0.505584578,0.464182908,0.044938417,1.020377604,0,0,0,0,0,3,0,0,0,0,0,0,0,0,0,0,0,0,0,0,0,0,0,0,0,0,0,0,0,0,0,0,14,0,1,0,0,0,0,0,0,0,0,0,0,0,0,0,0,0,0,0,0,0,0,0,0,1,0,1,0,0,0,0,0,0,0,0,0,0,0,0,0,0,0,0,0,2,0,0,0,0,0,0,0,0,0,0,0,0,0,0,0,4,0,0,0,0,0,0,0,0,1,0,0,0,0,0,0,0,0,0,0,0,0,0,0,0,0,0,0,0,0,0,0,0,0,0,0,0,0,0,0,0,0,0,0,0,0,1,3,0,0,0,1,3,2,0,0,1,0,0,0,0,1,0,0,0,0,0,0,0,0,0,1,0,0,0,0,0,0,0,0,0,0,0,0,0,0,0,0,0,0,8,0,0,0,0,1,0,0,0,0,0,0,0,0,0,0,0,0,0,0,0,0,0,0,0,0,0,0,0,1,0,0,0,0,0,6,0,0,0,0,0,0,0,0,0,0,1,0,0,0,0,0,0,0,0,0,0,0,0,0,0,0,0,1,0,0,0,0,2,0,0,0,0,0,0,0,0,0,0,0,0,0,0,0,0,0,0,0,0,0,2,0,0,0,0,0,0,0,0,0,0,0,0,0,0,2,0,0,0,0,0,0,0,1,0,0,0,0,0,0,0,0,0,0,0,0,0,0,0,0,0,0,0,0,6,2,0,0,0,0,0,0,0,0,0,0,0,0,1,0,0,"orange",-0.364320837200724,-0.311296501071287,-0.397586603074598,-0.299250577692907,-0.443370472117413,-0.269376229468997,-0.0260547399398912,-0.092988982159817,0.154675001831053,-0.208720326962345,0.203521727938276,-0.217422615840549,-0.228323207861285,-0.266429597290761,0.301571267493822,-0.447569585376564,0.239795830769508,-0.184449190758996
"CAZ07",0.399314,-79.25305,170,"CA_M","A_Caca",5.219186448,0.420005003,425.0570854,0.780941918,0.417623598,0.464405529,0.057654137,0.773412698,0,0,0,0,0,6,0,0,0,0,0,0,0,0,0,0,0,0,0,0,0,0,0,0,1,0,0,1,0,0,1,0,7,0,0,0,0,0,0,0,0,0,0,0,0,0,0,0,0,0,0,0,0,0,0,0,0,0,0,2,0,0,5,0,0,3,0,0,1,0,0,0,0,1,0,0,0,5,0,0,0,0,0,0,0,0,0,0,0,9,1,0,0,0,0,0,0,0,0,0,0,0,4,0,0,1,0,0,0,0,0,0,4,2,0,0,0,0,0,2,0,0,0,0,0,0,0,0,0,0,0,1,0,0,0,0,0,0,0,0,5,0,0,0,5,6,2,0,0,2,0,0,0,0,3,0,1,0,0,0,0,0,0,0,0,0,0,0,0,0,0,1,0,0,0,0,0,0,0,0,0,0,0,6,3,4,0,0,0,0,0,0,0,0,0,0,0,0,0,0,0,1,0,0,0,0,0,0,0,12,0,0,3,0,0,0,0,0,4,0,0,0,0,0,4,0,0,0,0,1,0,0,0,0,0,0,0,0,0,0,0,0,0,0,0,0,1,0,0,0,0,0,0,0,0,0,0,0,0,0,0,0,0,0,0,0,0,0,0,0,0,5,0,0,0,0,0,0,0,0,0,0,0,0,0,0,0,7,0,0,0,0,0,0,3,1,0,0,0,0,0,0,8,0,0,0,8,0,0,0,0,0,0,0,0,2,0,7,9,2,0,0,0,0,0,0,0,0,0,0,0,3,0,0,"orange",-0.431523879293492,-0.134336488066492,-0.432757298194384,-0.122618953270538,-0.423877981805826,-0.125213085980043,-0.0810382292491289,-0.0547979048196512,-0.0411618790141459,-0.157247624157414,-0.0122452734671579,-0.156185327947097,-0.289106024422373,-0.113053302973711,0.278889458326238,-0.0331935982906725,0.0066849010092728,-0.0872828170164288
"CAZ12",0.421661,-79.235676,167,"CA_M","A_Caca",5.2232677,0.419996457,415.2054911,0.798877534,0.430856086,0.474372638,0.048537789,0.983330233,0,0,0,0,0,4,0,0,0,0,0,0,0,0,0,0,0,0,1,0,1,0,0,0,0,0,0,0,1,0,0,0,15,0,0,0,0,4,0,0,0,0,0,0,0,0,0,0,0,0,0,0,0,0,0,0,0,0,0,3,0,0,7,0,0,0,0,0,0,0,0,0,0,1,0,0,0,0,0,0,0,0,0,0,0,0,0,0,0,12,0,0,0,8,0,0,0,0,0,1,0,0,15,0,2,0,0,0,0,1,0,0,10,0,0,1,1,0,0,1,0,0,0,0,0,0,0,0,0,0,0,0,0,0,0,0,0,0,0,0,7,0,0,0,4,8,9,0,0,0,0,0,0,0,11,0,4,0,0,0,0,0,0,0,0,0,0,0,0,0,0,1,0,0,0,0,0,0,2,0,0,0,0,14,1,15,0,0,1,0,0,0,0,0,0,0,0,0,0,0,0,1,0,3,0,0,0,0,0,8,0,0,8,0,0,0,0,0,11,0,0,0,0,2,3,0,0,0,0,6,0,0,0,2,0,0,1,0,5,0,0,0,0,0,0,0,8,0,0,0,0,4,0,0,4,0,0,0,0,0,0,0,0,0,0,0,0,0,0,7,0,2,1,6,0,0,0,0,0,4,0,0,0,0,0,0,0,2,0,0,1,0,0,0,8,12,0,0,0,0,0,0,15,0,0,0,18,1,0,0,0,0,0,0,0,8,0,12,13,1,1,0,0,1,0,9,0,0,0,0,0,0,0,0,"orange",-0.510968088236267,-0.00716056503545888,-0.505483117902681,2.04959384363795e-05,-0.50013419397623,0.00356496961962167,-0.120296044084194,-0.014841059127634,-0.220910496745666,-0.0803060441952957,-0.248492722914005,-0.0795820947861689,-0.345168543192431,-0.0100140372983531,0.538280477893589,0.0112731082335285,-0.242659146935074,-0.0202403087926155
"CAZ14",0.41128,-79.265714,148,"CA_M","A_Caca",5.152284256,0.456807667,433.6275372,0.756431943,0.473238558,0.454130112,0.072700002,1.595079985,0,0,0,0,0,12,0,0,0,0,0,0,0,0,0,0,0,0,1,1,0,0,0,0,0,0,0,1,0,0,1,0,12,0,0,0,0,1,0,0,0,0,0,0,0,0,0,0,1,0,0,0,0,0,0,0,0,0,0,0,0,0,7,0,1,0,0,0,0,0,0,0,0,2,0,0,0,0,1,0,0,0,0,0,2,0,0,0,0,12,0,0,0,1,0,0,1,0,0,0,0,0,10,0,1,0,0,0,0,0,0,1,5,0,0,0,0,0,0,2,0,0,0,0,0,0,0,0,0,0,0,1,0,0,0,0,0,0,0,2,3,0,0,0,7,4,11,0,0,4,0,0,0,2,0,0,3,0,0,0,0,0,0,0,0,0,0,0,3,0,0,1,0,0,0,0,0,0,0,0,0,2,0,8,1,1,0,0,3,0,0,0,0,0,0,0,0,0,0,0,0,0,1,5,0,0,0,0,0,2,1,0,3,0,0,0,0,0,5,0,0,0,1,0,0,0,0,0,0,10,0,0,0,1,0,2,0,1,2,0,0,0,0,0,0,0,10,0,0,0,0,2,0,0,12,0,0,0,0,0,0,0,0,0,0,0,0,0,0,5,0,0,3,6,0,0,0,0,0,3,0,0,0,0,1,0,0,0,0,0,0,0,0,1,10,14,0,0,0,0,0,0,17,0,0,0,8,1,0,0,0,0,0,0,0,5,0,7,19,3,0,0,0,0,0,0,0,0,0,0,0,9,0,0,"orange",-0.431970500723688,-0.00230567857170463,-0.432642585445553,-0.00807300972360683,-0.430871757758384,-0.0106748967154719,-0.0972240591720035,-0.0155396373836415,-0.174723206276232,-0.0720325741352559,-0.193753284968422,-0.0719284569349931,-0.293976049400271,-0.016613833958271,0.455017474899856,0.0929501653851239,-0.191240635400271,-0.00984038187908191
"CAZ17",0.407272,-79.2509,163,"CA_M","A_Caca",5.227775793,0.407774247,466.1567818,0.813944499,0.43686099,0.485362045,0.097457261,1.557986111,0,0,0,0,0,12,0,1,0,0,0,0,0,1,0,0,0,1,1,0,0,0,0,0,3,1,0,1,0,0,1,1,17,0,0,1,0,4,0,0,0,0,0,0,0,0,0,0,0,0,0,0,0,0,0,0,0,1,0,0,0,0,6,0,0,2,0,0,0,0,0,0,0,3,0,0,0,6,0,0,0,0,0,0,1,0,2,0,0,5,0,0,0,7,0,1,0,1,0,0,0,0,10,0,0,0,0,0,0,1,0,0,1,0,0,1,0,0,0,0,0,0,0,0,0,0,0,0,0,0,0,1,0,0,0,0,0,0,0,0,2,0,0,0,4,6,8,0,0,0,0,0,0,0,1,0,2,0,0,0,0,0,0,1,0,0,0,0,0,0,1,0,0,0,0,0,1,1,4,0,0,0,0,13,2,1,0,0,6,0,0,0,0,0,0,0,0,0,0,0,0,0,0,0,0,0,0,0,0,2,0,0,3,0,0,0,0,1,2,1,0,0,2,3,0,0,0,0,0,3,0,0,0,2,0,0,0,1,4,0,0,0,0,0,0,0,15,0,0,0,0,5,0,0,8,0,0,0,0,0,0,0,0,0,0,0,0,1,0,7,3,0,1,6,0,0,0,0,0,1,0,0,0,0,0,0,0,0,0,0,0,0,0,0,5,5,0,0,0,0,0,0,11,0,0,1,19,0,0,0,0,0,0,0,0,4,0,4,14,0,1,0,0,0,0,3,0,0,0,1,0,3,0,0,"orange",-0.406548137217348,-0.0438725739184185,-0.42096153472748,-0.0156273633501029,-0.428882688077305,-0.00305758767531636,-0.0952156154487109,-0.0122835375256105,-0.15914082468936,-0.0821081904442423,-0.174539993488196,-0.0820823918348797,-0.272228732955283,-0.0198258654646654,0.401233898484684,0.112988310116919,-0.156834433962982,-0.00987898889178769
"CA59",0.557309976,-79.179868,350,"Cacao","F_Caca",5.099873868,0.488441302,406.7010513,0.716965448,0.447732428,0.47005889,0.070080333,1.265051463,0,0,1,1,0,8,0,2,0,0,0,0,0,1,0,0,0,0,1,8,0,0,0,0,1,0,0,1,0,1,1,0,11,0,1,0,1,0,0,0,0,0,0,0,0,0,0,0,0,0,0,0,0,0,0,0,0,0,1,8,0,0,9,0,1,0,0,0,2,0,0,0,0,0,0,0,0,9,0,0,0,0,1,0,5,0,1,0,0,0,2,0,0,6,0,2,0,2,0,0,0,0,5,0,1,1,0,0,0,0,0,0,1,0,0,0,0,0,0,0,0,0,0,0,0,0,0,0,0,0,0,0,0,0,0,0,0,0,0,18,3,0,1,0,6,7,9,0,0,0,0,2,0,0,4,0,8,0,0,0,0,0,0,0,0,0,0,1,0,0,0,2,0,0,0,0,0,0,1,0,0,1,1,10,1,3,0,0,1,0,0,0,0,0,0,0,0,1,0,0,0,0,0,0,0,0,0,0,1,1,1,0,9,0,0,0,0,0,6,0,0,0,1,3,2,0,0,0,1,1,0,0,0,0,0,0,1,0,2,1,0,0,0,2,0,0,6,0,0,0,0,0,2,0,5,0,0,0,0,0,0,0,0,0,0,1,1,0,0,5,0,4,1,4,0,0,0,0,0,5,0,0,0,0,7,0,0,0,0,0,0,0,0,1,14,4,0,1,0,1,0,2,4,0,0,0,6,0,2,0,0,0,0,0,0,2,0,15,5,5,0,0,0,0,0,7,0,0,0,1,0,0,0,0,"yellow",-0.306381913246528,-0.0160630812162714,-0.327806141573064,-0.0115531261385987,-0.336669805119962,-0.00647937555410952,-0.073761178565551,-0.00777828696730823,-0.164059738434604,-0.0375007160611174,-0.187776699039836,-0.0417629784595687,-0.191323967335174,-0.00854758516216834,0.400450923633853,0.147579183455376,-0.188763689844725,-0.0189327041090988
"CA60",0.510266,-79.2272,440,"Cacao","F_Caca",5.238046935,0.409967067,341.049288,0.807146345,0.468299704,0.504418718,0.081823491,1.22109375,0,0,2,0,2,8,1,1,0,0,0,0,0,0,0,0,0,0,5,1,0,0,0,0,1,0,0,0,0,1,4,0,9,0,1,0,0,12,0,0,0,1,0,0,0,0,0,0,1,0,0,0,0,0,0,0,0,0,0,0,0,0,4,0,5,0,0,0,5,0,1,0,0,0,0,0,0,1,0,0,0,0,0,0,4,0,0,0,0,0,0,0,0,0,0,0,0,1,0,0,0,1,3,0,1,2,0,0,0,1,0,0,0,1,0,0,0,0,0,0,0,0,0,0,2,0,0,0,0,0,1,0,1,0,0,0,0,0,0,1,0,0,0,0,0,0,1,0,0,2,0,0,0,0,0,0,1,0,0,0,0,4,0,0,0,1,1,0,0,0,0,5,0,0,0,0,0,0,0,1,0,0,0,13,0,5,0,0,4,0,0,0,0,0,0,1,0,0,2,0,0,0,0,0,0,0,1,0,0,0,1,0,4,0,0,0,1,0,3,0,0,4,1,3,0,0,0,1,8,2,0,0,0,0,0,0,0,0,3,0,0,0,0,7,2,0,9,0,0,0,0,1,0,3,6,0,0,0,0,0,0,0,0,0,0,3,0,0,0,5,0,3,2,6,0,0,0,1,0,1,0,1,0,1,1,0,0,0,0,0,1,0,0,1,4,2,1,0,0,3,1,0,6,0,0,0,11,1,0,0,1,0,0,0,0,1,0,5,7,0,0,0,0,0,2,2,0,0,0,0,0,5,0,0,"yellow",-0.183094954498681,0.0281477851745494,-0.189567155129207,0.0229073043616058,-0.186596384290307,0.0215934856150407,-0.0458504598895258,0.0148497856080633,-0.102898389334928,-0.0170327128162914,-0.11630174845067,-0.020494305524531,-0.0985780001142964,0.0336355888122516,0.154477474440146,0.299022621367355,-0.130293180843962,-7.70245358482706e-05
"CA61",0.534000993,-79.18769603,293,"Cacao","F_Caca",5.186626934,0.439231257,167.3254395,0.600571405,0.444795715,0.443745881,0.07661134,0.624091642,3,0,0,0,0,2,2,5,0,0,0,0,0,0,0,0,2,1,1,2,0,0,0,0,1,0,0,0,0,1,1,0,1,0,1,0,0,9,0,0,0,0,0,0,0,1,0,0,0,0,0,0,0,0,0,0,0,0,0,0,0,0,12,0,3,0,0,0,9,1,0,0,0,0,0,0,0,4,2,1,5,0,1,5,2,0,0,0,0,0,1,0,0,0,0,1,0,0,1,0,0,0,2,0,3,0,2,0,0,0,0,0,0,0,0,3,0,0,0,0,0,2,0,0,2,0,1,0,0,0,3,1,0,0,0,0,0,0,0,0,2,0,0,1,3,15,0,0,0,2,0,3,0,0,2,0,9,0,0,0,0,2,0,1,2,0,0,1,0,0,0,4,0,0,1,0,0,1,0,0,0,3,2,7,0,1,0,1,7,0,0,0,0,0,0,0,0,2,7,0,1,0,0,3,0,0,6,1,0,1,2,0,8,0,2,0,0,1,1,1,0,0,2,12,1,0,0,0,5,1,0,0,0,0,0,0,1,0,3,0,0,0,1,8,0,0,23,0,3,0,0,0,1,1,9,0,0,0,0,0,1,0,0,0,0,0,0,0,0,0,0,2,1,0,0,0,0,0,0,3,2,0,0,0,2,1,0,2,1,0,3,0,0,3,7,5,4,0,0,1,0,0,3,1,0,0,7,5,1,0,2,0,0,0,0,3,0,10,2,0,0,0,2,1,0,0,0,1,0,0,3,5,0,0,"yellow",-0.153695789468982,0.0696974697357168,-0.17229045412987,0.0704172848416164,-0.193328974661903,0.0825082140093623,-0.0356643827010805,0.0138450417016075,-0.161491431938961,0.0258330783089757,-0.204368110566297,0.0145209543861355,-0.0897409352873412,0.0768986569496986,0.269028386464945,0.205369802338663,-0.205226736302776,0.0257714383117365
"CA62",0.511048995,-79.212168,372,"Cacao","F_Caca",5.150530162,0.461055468,150.3710391,0.594220843,0.496989101,0.442722132,0.109876027,1.432955109,0,0,0,0,1,2,0,2,0,0,0,0,0,0,0,0,0,0,4,1,0,0,0,0,0,0,0,0,0,2,0,0,4,0,1,0,0,5,0,0,0,0,0,0,0,8,2,1,1,0,0,0,0,0,0,0,0,0,0,0,0,0,10,0,0,0,0,0,3,0,0,0,0,0,0,0,0,10,2,0,0,0,0,0,0,0,0,3,0,0,1,0,0,0,0,0,0,0,0,1,0,0,5,0,2,2,0,0,0,0,0,0,0,1,0,0,0,0,0,0,0,0,0,0,0,0,0,0,0,0,0,0,0,1,0,0,0,0,0,4,1,0,0,0,2,4,0,0,0,1,0,2,0,0,4,0,4,0,0,0,1,3,0,0,0,0,0,0,0,0,0,1,0,0,0,1,0,2,1,1,0,0,0,9,1,4,0,0,9,0,0,0,0,0,0,3,0,0,0,0,4,0,0,2,1,0,8,0,0,0,9,0,9,0,0,0,0,3,1,0,0,1,0,0,1,0,0,2,2,6,0,0,0,0,0,0,0,0,11,0,0,6,0,3,1,0,27,0,0,0,0,0,0,6,2,0,0,0,0,0,0,0,0,0,0,0,0,0,0,0,0,0,1,1,0,1,0,0,0,3,0,1,0,0,3,0,0,0,0,0,1,0,0,0,12,9,0,0,0,0,0,0,5,2,1,0,3,0,1,0,1,0,0,0,0,5,0,5,13,4,0,0,3,1,0,2,0,0,0,0,0,1,0,0,"yellow",-0.223901245592527,0.0306813576265476,-0.238851564551072,0.0378991091792786,-0.264233814825505,0.0530140903491124,-0.0538266940469533,0.0141193354995493,-0.156838891467998,-0.00659234790335361,-0.190560820592513,-0.0143513564870856,-0.142535456920879,0.0291702462359213,0.311673817887796,0.217881118050306,-0.18526668101921,0.0117409895454977
"CA63",0.544072017,-79.14537496,240,"Cacao","F_Caca",5.168242985,0.445852399,135.8824312,0.569241478,0.438832349,0.439515553,0.102534624,0.962441096,0,0,0,0,1,1,0,3,0,0,0,0,0,0,0,0,3,0,0,7,0,0,0,0,6,0,0,0,0,5,0,0,0,0,1,0,0,0,0,0,0,0,1,0,0,2,0,0,1,0,0,0,0,0,0,0,0,0,0,0,0,0,0,0,0,0,0,0,0,1,0,0,0,0,0,0,0,14,0,0,0,0,0,0,3,0,0,1,0,0,1,0,0,0,0,0,0,0,0,4,0,0,2,0,1,2,0,0,0,0,1,0,0,0,0,0,0,2,0,0,0,1,0,0,0,0,0,0,0,0,0,0,0,0,0,0,0,0,0,0,0,0,0,0,7,3,0,0,0,6,0,1,0,0,1,0,3,0,0,0,4,0,0,0,9,0,0,0,0,0,0,0,0,0,0,0,0,0,0,1,0,1,2,0,0,0,0,2,0,0,0,0,0,0,0,0,0,2,2,0,0,0,0,0,0,0,4,0,0,0,2,0,1,0,0,0,1,0,0,0,0,0,2,0,0,0,0,0,17,0,0,0,0,0,0,0,0,0,0,0,0,0,6,2,2,0,1,0,0,1,0,0,0,3,7,0,0,0,0,0,0,0,0,0,0,0,0,0,0,0,0,0,0,0,0,0,0,3,0,0,0,0,0,0,0,0,0,0,0,0,1,0,0,2,0,0,1,0,0,2,0,0,0,0,0,0,0,0,1,0,0,0,1,0,0,1,0,0,0,0,0,0,0,0,0,0,0,0,0,1,0,4,0,0,"yellow",0.0310732530610372,0.123629428288205,0.0388417859998617,0.126889850355457,0.0572919070068461,0.0235476472900435,0.0164182068325347,0.0178296529153391,0.0240044699147095,0.0132850754260527,0.030704483916357,0.0162909792139337,0.0282207545290971,0.0516401407270477,-0.181961243147369,0.0645843286502176,0.0490602208970671,-0.0264287822586317
"CA64",0.543443961,-79.15454602,256,"Cacao","F_Caca",5.186983454,0.446029293,196.9388703,0.62528919,0.401341359,0.46271404,0.123657123,0.979123264,0,0,0,0,3,1,2,1,0,0,0,0,0,0,0,0,0,0,10,6,0,0,0,0,4,0,0,1,0,3,1,0,8,0,1,3,0,0,0,0,0,0,0,0,0,1,0,1,2,0,0,0,0,0,0,0,0,0,0,1,0,0,5,0,0,0,0,0,2,1,0,0,0,4,0,0,0,12,1,0,0,0,0,2,3,1,0,1,0,0,2,0,0,0,1,0,0,0,0,0,0,0,6,0,4,2,0,0,0,0,0,0,0,1,0,0,0,0,0,0,0,0,0,0,0,0,1,0,0,0,0,2,0,0,0,0,1,0,0,0,2,0,1,0,0,0,0,0,0,8,0,6,0,0,3,0,4,0,0,0,0,4,0,0,3,0,0,0,0,0,0,1,0,0,0,0,0,0,1,1,0,1,0,26,1,2,0,0,8,0,0,0,0,0,0,0,0,0,8,0,0,1,0,2,0,0,2,0,0,0,0,0,4,0,0,0,0,3,10,0,0,3,1,2,0,0,0,0,0,1,0,0,0,0,0,0,0,0,7,0,0,0,0,17,0,0,27,0,2,0,1,0,0,1,11,0,0,0,0,0,0,0,0,0,0,0,0,0,0,0,0,2,0,7,0,0,0,0,0,5,0,0,0,0,13,2,3,0,0,0,0,0,0,1,13,5,0,0,0,1,0,0,13,0,1,0,3,0,0,0,0,0,0,0,0,3,0,22,1,0,0,0,3,0,0,0,0,0,0,0,0,3,0,0,"yellow",-0.238267938871443,0.082478674227969,-0.264237914412019,0.0815172437637245,-0.285628838669116,0.108206757942467,-0.054268630148197,0.0392454962415176,-0.200807145008404,0.0271266025981127,-0.252835279100184,0.00426787658648968,-0.151260756142591,0.0832962946812088,0.39792417078196,0.125241799683792,-0.239841845507911,0.011861249744192
"OGZ04",0.409508,-79.253342,160,"OG_M","A_Old",5.154506652,0.466715695,370.6441043,0.729602632,0.433870283,0.440084064,0.038960588,0.957130456,0,0,0,0,1,3,0,0,0,0,0,0,0,0,0,1,1,0,0,0,0,1,0,0,5,0,0,1,0,1,2,1,0,0,0,0,2,3,1,0,0,0,0,0,0,0,0,0,1,0,0,1,0,3,0,1,1,0,0,0,1,1,4,0,0,0,0,0,1,0,0,0,0,0,0,0,0,1,0,0,0,0,1,1,0,0,0,5,0,1,0,2,0,0,0,0,0,1,0,0,0,0,3,1,7,3,0,0,0,0,0,0,2,5,0,0,0,0,0,0,0,0,0,1,0,0,0,0,0,0,2,1,1,0,0,0,1,0,0,7,6,0,0,0,15,0,4,0,0,8,1,4,0,0,6,0,4,0,1,0,4,0,1,0,9,1,0,0,0,0,0,2,0,0,0,0,0,0,0,0,0,6,1,5,4,2,0,0,0,0,0,0,0,0,0,1,0,0,0,0,0,0,0,1,0,0,1,0,0,0,0,0,1,0,0,0,0,1,0,1,0,0,1,0,0,0,0,2,1,1,0,0,1,0,1,0,1,0,0,0,0,1,3,0,0,0,7,0,0,0,0,4,1,3,10,0,1,1,0,0,0,1,0,1,0,0,0,0,0,0,0,0,0,1,0,0,2,1,0,3,0,1,0,0,1,1,1,0,0,0,0,1,0,0,6,2,1,0,0,0,0,1,1,0,1,0,2,1,0,0,0,0,0,0,0,8,1,0,4,0,0,0,1,2,1,1,0,1,1,0,0,0,0,0,"sienna",-0.090416732760743,-0.0364946593424863,-0.127324705426967,-0.0516136243192208,-0.154269919970821,-0.0810691212874417,-0.0139430391211966,-0.00964336808245219,-0.08436898548353,-0.00134322886852842,-0.111559416007724,0.00444492656975114,-0.063344549017433,-0.0332484041165044,0.112097365633329,0.279548300418939,-0.120511151687177,0.00399122696338337
"OGZ09",0.395029,-79.25339,170,"OG_M","A_Old",5.212150501,0.431237732,244.5543288,0.633533296,0.479267394,0.431166862,0.028804686,0.752759177,0,0,0,0,0,1,0,0,0,0,0,0,0,0,0,0,1,0,0,0,0,0,0,0,2,0,0,0,0,0,0,0,0,0,0,0,0,0,1,0,0,0,0,0,0,0,0,0,0,0,0,1,0,0,0,0,0,0,0,4,0,0,1,0,0,0,0,0,0,0,0,0,0,0,0,0,0,3,0,0,1,0,0,0,0,0,0,2,0,0,0,0,0,0,0,0,0,8,3,0,0,0,1,0,1,0,0,0,0,0,0,0,1,1,0,0,0,0,0,0,1,1,0,0,0,0,0,0,0,0,1,0,1,0,0,0,0,0,0,0,5,0,0,0,3,2,2,0,0,2,0,6,0,1,0,0,0,0,0,0,0,0,0,0,0,0,0,5,0,0,0,0,0,0,0,0,0,0,0,0,0,9,1,1,1,0,1,0,0,0,0,0,0,0,0,0,0,0,0,0,0,0,0,0,0,0,5,0,0,0,0,0,1,0,0,0,0,4,0,0,0,2,0,0,0,0,1,0,0,0,0,0,0,0,0,0,0,0,0,0,0,0,0,1,0,0,6,0,0,0,0,0,0,0,7,0,0,0,0,0,0,0,0,0,0,0,0,0,0,1,0,0,0,0,0,0,2,1,0,2,0,0,0,0,0,0,0,0,0,0,0,0,0,0,1,1,0,0,0,0,0,1,0,0,2,0,0,0,0,0,0,0,0,0,0,2,0,0,2,0,0,0,0,0,0,0,0,0,0,0,0,3,0,0,"sienna",-0.0955217404824596,-0.170974559724457,-0.10389946760836,-0.192073175100138,-0.122486644616161,-0.223098375865558,-0.00704116016896931,-0.0359441521052883,0.0893046539743404,-0.0866066520622723,0.132926576051004,-0.0916986336730098,-0.0608216929731776,-0.13445472664627,-0.0548023184813787,-0.101996875835138,0.129242274254903,-0.035410758675052
"OGZ10",0.433639,-79.235779,165,"OG_M","A_Old",5.198501186,0.43580552,357.0446583,0.776749384,0.453501523,0.43775491,0.041873139,0.755719866,0,0,1,0,0,0,0,0,0,0,0,0,0,0,0,0,0,0,0,3,0,0,1,0,1,0,0,0,0,0,0,0,0,0,1,0,9,0,0,0,0,0,0,0,2,1,0,0,1,0,1,0,0,0,1,0,1,0,0,2,0,0,2,0,0,0,0,0,1,0,0,0,0,0,1,0,0,0,0,1,0,0,1,0,0,0,0,0,0,0,0,0,0,0,0,1,0,4,4,0,0,0,4,2,4,2,1,0,0,0,1,0,0,3,0,0,1,1,0,0,0,1,0,0,0,0,0,0,0,0,1,0,1,0,0,0,0,0,0,0,1,1,0,0,7,1,2,0,0,12,0,7,0,0,1,0,0,0,1,0,3,3,0,3,2,1,0,1,0,0,0,0,1,1,0,0,0,0,0,0,0,0,1,0,0,0,2,0,0,0,0,0,0,0,0,0,1,0,0,1,2,0,0,0,0,0,5,0,0,0,1,0,1,0,0,0,0,12,1,0,0,1,0,1,2,0,1,1,3,0,0,0,0,0,0,0,0,0,0,0,0,0,0,3,0,0,2,0,1,0,0,0,0,4,2,0,0,0,0,0,0,0,0,0,0,0,0,0,0,0,0,0,0,1,0,0,3,2,0,0,0,1,0,1,0,2,0,0,0,1,0,0,0,5,0,0,2,0,0,1,0,0,1,2,1,1,0,0,1,0,1,0,0,0,0,2,0,0,1,0,0,0,1,0,0,0,0,1,1,1,2,1,0,0,"sienna",0.051378069926384,0.00132374209602099,0.06403848623119,-0.0162652761644082,0.0622956017967961,-0.0546632865283811,0.00605334615701518,-0.00310753594024295,0.00104535722243702,0.0147936915401779,-0.00570478768024639,0.0216153782150088,0.0306741887985553,0.000936255630945978,-0.287403740658687,0.258737568098457,-0.0151994027641328,0.000696899324978485
"OGZ13",0.423632,-79.261471,145,"OG_M","A_Old",5.190047633,0.441057923,355.3624656,0.786311558,0.558957198,0.438024092,0.03832922,1.030555556,0,0,0,0,1,0,1,0,0,0,0,1,0,1,0,0,0,1,0,0,0,1,0,0,0,0,0,1,0,0,0,0,0,0,0,0,1,2,0,0,0,0,1,1,0,0,0,0,0,0,0,0,0,0,2,0,0,0,0,1,0,0,1,0,1,0,0,0,0,0,0,0,0,0,1,0,0,3,0,0,0,0,0,0,0,0,0,0,0,1,0,0,0,0,0,0,0,3,2,0,0,1,3,0,2,5,0,0,0,0,0,0,2,1,0,0,1,0,0,0,0,0,0,0,2,0,0,0,0,0,2,0,0,0,0,0,0,0,0,0,0,1,0,0,5,2,9,0,0,7,0,6,0,0,0,0,0,0,0,0,0,0,0,1,6,0,0,1,0,0,0,0,0,0,0,0,0,0,0,0,0,0,0,4,1,0,2,1,0,0,0,0,0,0,0,0,0,0,0,0,5,0,0,0,0,0,1,0,0,0,0,0,2,0,0,0,0,5,1,0,0,1,1,1,0,0,0,1,11,1,0,0,0,0,0,0,2,0,0,0,0,0,7,1,1,0,5,0,1,0,0,0,0,3,6,0,0,0,0,0,0,0,0,2,0,0,0,0,0,0,0,0,1,0,0,0,1,1,0,3,0,1,0,0,0,0,0,1,0,0,0,0,0,2,3,3,0,0,0,0,0,0,1,0,1,0,1,0,1,0,0,0,0,1,0,1,0,0,2,0,0,0,0,0,0,0,0,0,0,0,6,1,0,0,"sienna",-0.0381846270158649,-0.057041588959269,-0.0367560610965978,-0.0576094121945358,-0.0210118778108422,-0.0658126482000708,-0.00148871338715582,-0.0106017659964331,0.0040786167091498,-0.00715380480597118,0.0104512691047429,-0.00125330060287526,-0.0241137410495152,-0.0328912142975092,-0.217704878779219,0.28675267535534,0.00246339050176738,-0.0121397702738988
"OGZ20",0.461047,-79.1438,172,"OG_M","A_Old",5.230548264,0.408346123,435.4315596,0.840923491,0.454080344,0.438438312,0.041551097,0.870588418,0,0,0,0,0,1,0,0,0,0,0,0,0,0,0,0,0,0,0,1,0,0,0,0,2,0,0,0,0,2,0,0,0,0,1,0,2,0,1,0,0,0,0,0,0,0,0,0,0,0,0,0,0,0,0,0,1,0,0,0,0,0,1,0,1,0,0,0,1,0,0,0,0,0,0,0,0,4,0,0,1,0,1,3,0,0,0,18,0,0,0,1,1,0,0,2,0,10,1,0,0,0,1,0,2,3,0,0,0,0,0,0,1,0,0,0,0,0,0,0,1,0,0,0,0,0,0,0,0,0,0,0,0,0,0,0,0,0,0,1,2,0,0,0,7,1,1,0,0,9,0,8,0,0,1,0,1,0,0,0,0,0,0,4,0,0,1,0,0,0,0,0,0,0,0,0,0,1,0,2,0,0,2,2,1,0,2,0,0,0,0,0,0,0,0,0,0,0,1,0,0,0,0,0,0,0,7,0,0,0,1,0,3,1,0,0,0,4,0,0,0,0,6,1,0,0,0,0,9,0,1,0,0,0,0,0,3,0,0,1,0,0,1,4,0,0,1,0,0,0,0,0,0,2,0,0,0,0,0,0,0,0,0,0,0,0,0,0,0,0,0,0,0,0,0,0,0,1,0,0,0,0,0,0,0,2,1,0,0,0,1,0,0,4,1,1,4,0,0,0,0,0,0,2,1,0,0,3,1,2,0,0,0,0,0,8,3,0,0,0,0,0,0,0,0,0,0,1,2,1,0,2,0,0,"sienna",0.0173700732953484,-0.022957223439572,0.0185640570956805,-0.0610468598622994,0.0126119742797626,-0.122878039726978,0.00562621848900032,-0.0049613272323863,-0.0104709081705193,0.00903056384473794,-0.0181908527856798,0.0235766096229747,0.0128468393705982,0.00237820698123088,-0.200445303619358,0.186581652879817,-0.0146331132095437,-0.0162130125687133
"OGZ21",0.377547,-79.155161,170,"OG_M","A_Old",5.236903316,0.411992106,422.6668169,0.864002046,0.548493772,0.453277936,0.047887667,1.902551463,0,0,0,0,0,0,0,1,0,0,0,0,0,0,0,0,0,0,0,0,0,0,0,0,4,0,0,0,0,0,2,0,0,0,0,0,1,0,0,0,0,0,1,0,0,0,0,0,0,0,0,0,0,0,0,0,0,0,0,0,0,0,0,0,0,0,0,0,2,0,0,0,0,0,0,0,0,1,0,0,0,0,0,0,0,0,0,0,1,0,0,0,2,0,0,4,0,0,0,0,0,0,1,0,0,1,0,0,0,0,0,0,0,1,0,0,1,0,0,0,0,0,0,0,0,0,0,0,0,0,0,1,0,0,0,0,0,0,0,0,0,0,0,0,4,0,0,0,0,1,0,0,0,0,0,0,0,0,0,0,1,0,0,0,0,0,0,0,0,0,0,0,0,0,0,0,0,0,0,0,0,1,0,0,0,0,1,0,0,0,0,0,0,0,0,0,0,2,0,0,0,1,0,1,0,0,0,0,0,1,1,0,2,0,0,0,0,0,0,0,0,0,0,2,1,0,0,0,11,0,0,0,0,0,0,0,0,0,0,0,0,0,1,0,1,0,0,0,0,0,0,0,0,1,0,0,0,0,0,0,0,0,0,0,0,0,0,0,0,0,0,0,0,0,0,0,0,0,0,0,0,0,0,0,0,0,0,0,0,0,0,1,0,0,0,0,0,0,0,0,0,0,0,2,0,0,0,0,1,0,0,0,4,0,0,0,0,0,0,0,0,0,0,0,1,0,0,1,0,0,2,0,0,0,"sienna",0.153282058633392,-0.230226409573785,0.18219348520037,-0.257549317672006,0.219785864808202,-0.243342256184304,0.0477884502726523,-0.028829472245565,0.256002541221943,-0.0585248869197991,0.323114896542122,-0.0448469753613265,0.11608544211684,-0.114977277856253,0.1631215246162,-0.534546883528628,0.360083430114845,-0.0517912099684353
"OGZ22",0.466516,-79.098848,180,"OG_M","A_Old",5.210437781,0.424652695,370.0212575,0.799038842,0.503329859,0.444055565,0.051697682,1.084316096,0,0,0,0,3,0,0,0,0,0,0,0,0,0,0,0,0,0,0,0,0,0,0,0,2,0,0,0,0,0,0,0,0,0,0,0,2,0,0,0,0,0,1,0,0,0,0,0,1,0,0,0,0,0,0,0,0,0,0,0,0,0,0,0,0,0,0,0,4,0,0,0,0,0,0,0,0,2,0,0,0,0,0,0,0,0,0,0,0,0,2,0,0,0,0,0,0,4,2,0,0,0,0,0,0,0,0,0,0,0,0,0,0,1,0,0,0,0,0,0,0,0,0,0,1,0,0,0,0,0,0,0,0,0,0,0,0,0,0,0,1,1,0,0,3,0,0,0,0,3,0,6,0,0,0,0,3,0,0,0,2,6,0,1,0,0,0,0,0,0,0,0,0,0,0,0,0,1,0,2,0,0,0,1,0,0,2,0,0,0,0,0,0,0,0,0,0,0,0,0,2,0,0,0,0,0,2,0,0,0,0,0,4,0,0,0,0,0,0,0,0,0,0,0,0,0,0,0,2,0,0,0,0,0,0,0,0,0,0,0,0,0,0,0,0,0,0,0,0,0,0,0,0,1,0,0,0,0,0,0,0,0,0,0,0,0,0,0,0,0,0,0,0,0,0,0,0,0,0,0,0,0,0,0,0,2,0,0,0,0,0,0,0,0,0,0,0,0,0,2,0,0,0,0,0,0,0,0,0,0,0,0,0,0,0,0,0,0,0,0,0,0,0,0,0,0,0,0,1,1,0,3,0,0,"sienna",0.105787982977724,-0.284977173059849,0.116779804816167,-0.263255277349493,0.13256948812879,-0.27156384334113,0.0399162705383727,-0.0558575093183112,0.22541838236431,-0.0842202650035765,0.288448651026114,-0.0757910227715659,0.0615543504385898,-0.190555953247653,0.0563512847201413,-0.430970505417567,0.283896000941287,-0.0792911711366127
"OGZ23",0.456369,-79.114619,180,"OG_M","A_Old",5.195745957,0.437608535,443.0342141,0.825717018,0.518638889,0.443775579,0.046701625,1.246906002,0,0,0,0,0,0,0,0,0,0,0,0,0,0,0,0,0,0,0,0,0,0,0,0,1,0,0,0,0,0,0,0,0,0,0,0,9,1,0,0,0,0,1,0,0,1,0,0,0,0,0,0,0,0,0,0,0,0,0,0,0,0,0,0,0,0,0,0,1,0,0,0,0,0,0,0,0,6,0,2,0,0,0,0,0,0,0,2,0,2,1,0,0,0,0,1,0,1,0,0,0,0,0,0,0,1,0,0,0,0,0,0,1,1,0,0,0,0,0,0,0,0,0,0,0,0,0,0,0,0,0,1,0,0,0,0,0,0,0,0,0,0,0,0,7,2,3,0,0,4,0,2,0,0,0,0,0,0,0,0,10,2,0,0,0,0,0,0,0,0,0,0,0,0,0,0,0,0,0,0,0,1,0,0,0,0,0,0,0,0,0,0,0,0,0,0,2,1,0,0,0,0,0,0,0,0,3,0,0,0,3,0,2,0,0,0,0,1,0,0,0,0,1,0,0,0,0,0,6,0,0,0,0,0,0,0,0,0,0,0,0,0,1,4,1,0,1,0,0,0,0,0,0,6,0,0,0,0,0,0,0,0,0,0,0,0,0,0,0,0,0,0,0,0,0,0,0,0,0,0,0,0,0,0,0,0,0,0,0,0,0,0,1,0,0,0,0,0,0,0,0,0,0,0,0,0,0,0,0,1,0,0,0,0,0,0,0,0,0,0,0,0,0,1,0,0,0,0,0,0,0,0,0,0,"sienna",0.0652910595605137,-0.234221194047174,0.107405243059773,-0.202547863995894,0.158092330573756,-0.162076599960908,0.0269131986543859,-0.043401081186529,0.181756408548912,-0.0571640252661291,0.237526267440854,-0.0482757635381363,0.0434095828023975,-0.150264743477706,-0.0250542114358445,-0.359071433243717,0.240596933444096,0.0274105238159244
"OGZ25",0.456803,-79.13897,180,"OG_M","A_Old",5.21139803,0.430826978,492.1381646,0.823181152,0.504139397,0.437774181,0.043775956,1.139037698,0,0,0,0,0,2,0,0,0,0,0,0,0,0,0,0,1,0,0,0,0,0,0,0,0,0,0,0,0,1,0,0,1,0,0,0,0,5,0,0,0,0,0,0,0,0,0,0,1,0,0,0,0,0,0,0,0,0,0,0,1,0,1,0,0,0,0,0,0,0,0,0,0,0,0,0,0,4,0,3,0,0,0,1,0,0,1,0,0,1,9,0,1,0,0,1,0,5,0,0,0,1,1,0,0,0,0,1,0,0,0,0,0,0,0,0,0,0,0,0,0,0,0,0,0,0,0,0,0,0,2,0,0,0,0,0,0,0,0,0,0,1,0,0,6,0,3,0,0,12,0,8,0,0,2,0,0,0,0,0,0,0,0,0,0,10,0,1,0,0,0,1,0,0,0,0,0,0,0,2,0,2,0,4,1,0,0,0,0,0,0,0,0,0,0,0,0,1,0,0,1,1,0,0,0,0,2,0,0,1,1,0,5,0,0,0,0,1,0,0,0,0,0,1,0,0,0,0,4,0,0,0,0,0,0,0,0,0,0,1,0,0,1,4,0,0,4,0,0,0,0,1,0,3,3,0,0,0,0,0,1,0,0,0,0,0,0,0,0,0,0,0,0,0,0,0,2,0,0,1,0,0,0,0,0,1,0,0,0,0,0,0,0,1,1,1,0,0,0,0,0,0,0,0,2,0,0,1,2,0,0,0,0,0,0,2,1,0,2,0,0,0,0,0,0,0,0,0,0,0,0,3,0,0,"sienna",-0.0818571457775203,-0.0765913162909314,-0.0750605036261543,-0.0962394488811861,-0.0769592270472175,-0.122678781598292,-0.00201057926095163,-0.0143564898694672,0.0332531250804565,-0.030139954076661,0.0523319747015155,-0.027169838996001,-0.0447553488578137,-0.0474070050599089,-0.164144594360297,0.189405466548975,0.0532884608336,-0.0422462546173535
"OG11_old",0.488081,-79.218927,514,"Oldgrowth","F_Old",5.259063104,0.396016643,157.421359,0.729945592,0.387105439,0.462085818,0.119718325,0.958736359,0,0,0,0,0,0,0,0,0,0,0,0,0,0,0,0,0,0,0,0,0,0,0,1,0,0,0,0,0,0,0,0,0,0,0,0,8,0,0,1,0,0,0,2,0,0,0,0,0,0,0,0,0,0,21,0,0,0,0,0,0,0,0,0,0,0,0,0,0,0,0,0,0,0,0,0,1,0,0,0,0,2,0,0,0,0,0,0,0,0,0,0,0,0,0,0,0,0,1,0,0,3,0,1,0,1,0,0,0,0,0,0,0,0,0,0,0,0,0,0,0,3,0,0,2,0,0,0,0,0,2,0,0,0,0,0,0,0,0,0,0,0,0,0,0,0,0,0,0,0,1,0,0,0,0,0,0,0,0,0,11,4,0,0,0,0,0,0,0,0,0,0,0,0,0,0,0,0,0,2,0,0,0,0,0,0,1,0,0,1,0,0,0,0,0,0,0,0,2,0,1,0,0,0,0,0,1,0,0,0,1,0,0,0,1,0,0,2,0,0,0,0,0,0,0,0,1,0,9,0,0,0,0,0,0,0,1,0,0,1,0,0,0,8,0,0,0,0,4,0,0,0,0,0,0,1,0,0,0,0,0,0,0,0,0,0,0,0,0,0,0,0,0,0,0,0,0,0,0,0,2,0,0,0,0,0,1,0,0,0,0,0,0,0,0,0,0,0,0,3,0,0,0,1,0,0,0,0,0,4,0,0,0,2,1,0,0,0,0,0,0,0,0,0,5,0,0,0,0,1,0,10,0,0,"darkgreen",0.437028100320096,0.0017443143939737,0.413772453026524,0.0344712184265671,0.371455654378368,0.153189786906885,0.0842999316342601,0.0132514347862624,0.117011074643624,0.0732749185356761,0.121317653794428,0.0733419621970395,0.272427574406821,0.030817371375022,-0.181345093855285,-0.282881476581023,0.116013985629721,0.0614911554923243
"OG37",0.498206494,-79.1791925,550,"Oldgrowth","F_Old",5.296239611,0.366910279,132.5352528,0.710800898,0.445898204,0.448714499,0.15132733,0.677675471,0,0,0,0,0,0,0,1,0,0,0,3,0,0,0,0,1,0,0,0,0,0,1,1,0,0,0,0,0,0,0,0,0,0,0,0,2,0,0,0,0,0,0,0,3,0,0,0,0,0,0,0,0,0,1,0,2,0,0,0,0,0,0,0,0,0,1,0,0,0,0,0,0,0,0,0,1,0,0,0,0,0,0,0,3,1,0,0,0,0,0,0,1,0,0,0,0,0,3,0,0,0,0,3,2,8,0,0,0,0,0,0,0,0,0,0,0,0,0,0,1,1,9,1,1,0,0,0,0,0,2,0,0,0,0,0,0,0,0,0,0,0,0,0,0,0,0,0,0,1,1,0,1,0,0,0,0,0,0,0,6,2,0,1,0,0,0,0,0,0,0,0,0,0,0,0,0,0,0,0,0,0,2,0,0,0,2,0,0,0,0,0,0,0,0,0,0,0,3,0,1,0,0,0,0,0,2,0,0,0,0,0,0,0,0,1,0,0,0,0,0,1,0,0,0,0,1,0,2,0,0,0,0,0,0,0,0,0,0,0,0,2,0,7,0,0,0,0,0,1,0,0,0,0,0,0,2,0,0,0,0,0,0,0,0,0,0,0,0,0,0,0,0,0,0,0,6,0,0,0,1,0,0,2,0,0,0,0,0,0,0,0,0,0,0,0,2,0,0,7,0,0,0,0,0,0,0,0,0,2,0,0,0,1,1,0,0,0,0,0,0,0,0,0,0,0,0,0,0,0,0,0,0,0,"darkgreen",0.382959274722424,0.128523573105535,0.390222550256844,0.100814597263836,0.405061193146855,0.0803340532099882,0.0650530308488527,0.01184224917517,0.142496607999845,0.0487222069627429,0.175353094804289,0.0391712153687752,0.245062140987737,0.0868294799238374,-0.191439121150602,-0.32531707058436,0.172991746465076,0.0318089650296926
"OG38",0.513161989,-79.19323403,535,"Oldgrowth","F_Old",5.304938353,0.362065888,154.276822,0.77902803,0.4837593,0.446315893,0.092894711,1.177083333,0,0,0,0,0,0,2,0,0,0,1,0,0,0,0,0,0,0,0,0,0,0,0,0,1,0,0,0,0,0,0,0,0,0,0,0,5,0,0,0,0,1,1,0,4,0,0,0,0,0,0,0,0,0,23,0,2,1,0,0,0,1,0,0,0,0,1,0,0,0,0,0,0,0,0,0,0,0,0,0,0,0,0,2,0,0,0,0,0,0,0,0,5,0,0,1,0,0,2,0,0,6,0,0,0,5,0,0,0,0,0,0,0,0,0,0,0,0,0,0,0,1,0,0,1,0,0,0,0,0,3,0,0,1,0,0,0,0,0,0,0,1,0,0,0,0,0,0,2,0,0,0,0,0,0,0,0,0,0,0,6,2,0,1,0,0,0,0,0,0,0,0,0,0,0,0,0,0,0,1,0,0,0,0,0,0,4,1,0,0,0,0,0,0,0,0,1,0,5,0,2,0,0,1,0,0,1,0,0,0,2,0,3,0,0,0,0,1,0,0,0,0,1,0,0,0,4,0,4,0,0,0,0,0,0,0,0,0,0,0,0,0,0,8,0,0,0,0,4,2,0,0,1,6,1,0,0,0,0,0,1,1,0,0,0,0,0,0,0,0,0,0,0,0,0,0,2,0,0,0,0,0,0,2,0,0,0,0,0,0,0,0,0,0,0,0,0,0,0,8,0,0,0,0,0,0,0,0,0,1,1,0,0,1,0,0,0,0,0,0,0,0,0,0,6,0,0,0,0,0,0,3,0,0,"darkgreen",0.336670749902525,0.0209574997402098,0.343097131662856,0.0616823553512305,0.331879218112705,0.189612371399916,0.0634640301525961,0.0076972934530432,0.0602340193111749,0.0723585945211196,0.0579687471142153,0.0798416617259904,0.203736197566107,0.0294696916977417,-0.249862146337927,-0.149376226964995,0.0586405866831219,0.0583821174555653
"OG39",0.521560907,-79.19537184,576,"Oldgrowth","F_Old",5.280976406,0.37602642,504.3141204,0.874036516,0.50018237,0.439897777,0.076780754,1.110267857,0,0,0,0,3,0,0,2,0,0,0,0,0,0,0,1,0,0,0,0,0,0,0,0,0,0,0,0,0,0,0,0,0,1,0,0,11,0,0,0,0,0,0,0,1,0,0,0,0,0,0,1,0,0,5,0,2,0,1,0,0,1,0,0,0,0,0,0,0,0,0,0,0,0,0,0,0,0,0,1,0,0,0,1,3,0,0,0,0,0,0,0,3,0,0,1,0,0,2,0,1,0,1,1,0,6,0,0,0,0,0,0,0,0,0,0,0,0,0,0,0,0,1,2,0,0,0,1,0,0,0,0,1,2,0,0,0,0,0,0,0,0,0,0,0,0,0,0,4,1,0,1,0,0,0,0,0,0,0,0,4,1,0,0,0,0,3,0,0,0,0,0,1,0,0,0,0,0,0,3,0,0,0,0,0,0,0,0,0,0,0,0,0,0,0,0,0,0,1,2,0,0,1,0,0,0,0,0,0,0,0,0,3,0,1,0,0,1,0,0,0,1,0,0,0,0,1,0,12,0,0,0,0,0,1,0,0,0,0,0,0,0,0,4,1,0,0,0,0,2,0,0,0,0,0,0,0,0,0,0,1,0,0,0,0,0,0,0,0,0,0,0,0,0,0,0,5,0,0,0,2,0,0,0,3,1,0,0,0,0,0,1,0,0,0,1,2,0,0,3,0,0,0,0,0,0,0,0,0,4,1,0,1,1,0,0,0,0,0,1,0,0,0,0,0,0,0,1,0,3,1,10,0,0,"darkgreen",0.287283498241849,0.0334877669778572,0.28958915451401,-0.000656933141963499,0.281030287070761,0.00124533049898963,0.0466466920893354,0.00142442012232856,0.0696326869119945,0.0327893719258791,0.0738278583436439,0.0323355436224782,0.169105013984853,0.0335885705001673,-0.371770910597955,-0.0908670931073801,0.0701048120241459,0.0110043306903582
"OG40",0.527762929,-79.1723843,531,"Oldgrowth","F_Old",5.156335586,0.458524232,166.4813854,0.577218192,0.501852987,0.446479064,0.169636285,0.866356647,0,0,0,0,0,0,0,3,0,0,0,2,0,0,0,0,0,0,0,0,0,0,0,0,0,0,0,0,0,1,0,0,0,0,0,0,6,0,0,0,0,0,0,1,1,0,0,0,0,0,0,0,0,0,13,0,5,0,0,0,0,0,0,0,0,0,0,0,0,0,0,0,0,0,0,0,0,0,0,0,0,0,0,1,0,2,0,0,0,0,0,0,1,0,0,0,0,0,0,0,0,1,0,0,0,6,0,0,0,0,1,0,0,0,0,0,0,1,0,0,0,1,2,0,0,0,0,0,0,0,5,0,0,9,0,0,0,0,0,0,0,0,0,0,0,0,0,0,1,0,0,0,0,0,0,0,0,0,0,0,5,0,0,0,0,1,0,0,0,0,0,0,1,0,0,0,0,0,0,3,0,0,0,0,0,0,0,1,0,0,0,0,0,0,0,0,0,1,3,1,0,0,0,0,0,0,0,0,0,0,2,0,0,0,0,0,0,1,0,0,0,0,0,0,0,0,4,0,2,0,1,0,0,0,0,0,0,0,0,1,0,0,0,6,0,0,0,0,0,2,0,0,0,3,0,0,15,0,0,0,0,0,0,0,0,0,0,0,0,0,0,0,0,0,0,0,0,0,0,0,1,0,0,3,0,3,0,0,0,0,0,0,0,0,0,0,1,0,0,4,0,0,0,0,0,0,0,0,0,6,0,0,0,0,2,0,0,0,0,0,0,0,0,0,0,0,1,0,0,0,2,1,0,0,"darkgreen",0.41752988108727,0.132144955077368,0.41160887381325,0.169699438177853,0.397741729074541,0.228564517082031,0.0678433006138518,0.0261923837496241,0.103161397175642,0.0910322916183024,0.119588415865195,0.107536757656919,0.237497487039325,0.108385061396361,-0.186234632747247,-0.206969964178653,0.0900728133469954,0.0390590125420295
"OG41",0.52989604,-79.18850798,389,"Oldgrowth","F_Old",5.278762851,0.382898657,363.8393378,0.841602144,0.476571382,0.42812116,0.032542554,0.305180432,0,0,0,0,7,0,0,0,0,0,0,0,0,0,0,0,0,0,0,1,0,0,0,0,4,0,1,0,0,2,0,0,0,0,1,0,16,1,1,0,0,0,2,0,0,0,0,0,0,0,0,1,0,0,0,0,0,0,0,0,1,0,1,0,0,0,0,0,0,0,0,0,0,0,1,0,1,1,0,0,4,1,0,2,0,0,0,4,1,0,1,0,7,0,0,6,1,1,1,0,0,0,1,0,0,5,0,0,0,0,0,0,0,0,0,0,0,1,0,0,0,0,0,2,1,0,0,0,0,0,0,0,1,0,0,0,0,0,0,2,0,0,0,0,0,0,0,0,1,0,0,0,0,0,0,0,2,0,0,0,11,1,0,0,0,0,0,1,0,0,0,0,0,0,0,0,0,0,0,2,0,0,0,0,0,0,4,0,0,0,0,0,0,0,0,0,0,0,1,0,1,0,0,0,0,0,1,0,0,0,4,0,1,0,1,1,0,1,0,0,0,0,0,1,0,0,1,1,9,0,1,0,0,0,0,0,1,0,0,0,0,0,6,5,0,0,0,0,1,3,0,0,0,6,0,0,0,1,1,0,0,0,0,1,0,0,0,0,0,0,0,0,0,0,0,0,5,0,0,2,0,0,0,0,0,1,0,0,0,2,0,0,0,1,0,0,1,0,0,3,0,0,0,2,2,0,0,1,4,1,3,0,1,3,1,0,0,0,0,0,0,0,0,0,1,0,0,1,1,3,6,6,0,0,"darkgreen",0.184865117445778,-0.0189618156929795,0.209806852836869,-0.017583446246779,0.242625835939459,-0.000698639795490543,0.031073246783297,0.00019414341945103,0.00336101386875003,0.047380335969345,-0.0186278692379212,0.056100644588324,0.108665399050998,0.00303336403011454,-0.340767497711507,0.076430038501585,-0.0175359765105589,0.0241443968301986
"OG42",0.538493693,-79.17462629,374,"Oldgrowth","F_Old",5.227881122,0.414358335,149.3915319,0.619945708,0.519090491,0.438306554,0.072025721,0.835193452,0,1,0,0,0,0,0,3,0,0,0,1,0,1,0,0,0,0,0,1,0,0,1,1,2,0,0,0,0,0,0,0,0,0,0,0,7,0,0,0,0,0,0,0,3,0,0,0,0,0,0,0,0,8,0,0,0,0,0,0,0,0,0,0,0,0,1,0,0,0,0,0,0,0,0,0,1,1,0,0,0,0,0,0,0,0,0,2,0,0,0,0,5,0,0,5,0,0,4,0,0,0,0,1,0,2,0,0,0,0,1,0,0,0,0,0,5,0,0,0,0,2,0,0,0,0,1,0,0,0,2,0,6,12,1,0,0,0,0,0,0,0,0,1,1,0,1,0,1,0,1,0,0,0,0,0,1,0,0,0,3,7,0,0,0,1,0,0,0,0,0,0,0,1,0,0,0,1,0,2,0,0,0,0,0,0,7,2,0,0,0,0,0,0,0,0,0,0,0,0,0,0,0,0,0,0,2,0,0,0,2,0,1,0,0,2,0,1,0,0,0,0,0,0,0,0,6,0,11,0,0,0,0,0,0,0,0,0,0,0,0,1,0,10,8,0,0,0,1,3,0,0,0,5,0,1,1,3,0,0,0,0,0,0,0,0,0,0,0,0,0,0,0,0,0,0,3,0,0,0,0,0,0,0,0,0,0,0,0,0,0,1,0,6,0,0,0,0,0,4,0,0,0,0,0,0,0,0,1,0,0,0,6,3,0,0,0,1,0,0,0,0,0,0,0,0,0,0,1,1,2,2,0,0,"darkgreen",0.294220701401439,0.00744720305244314,0.290773402112954,0.0563771116918032,0.280030401814777,0.0610134277017876,0.0512349287018266,0.0146929955615781,0.0159152659233355,0.0889442870393637,-0.00867441915035408,0.0850292222255491,0.173401773880985,0.0201470001105753,-0.273957010032888,-0.0461041314664385,-0.00736521747064083,0.0516915610758861
"OG43",0.464510573,-79.2100058,238,"Oldgrowth","F_Old",5.209086863,0.425945834,148.0904716,0.674185617,0.509635985,0.43941041,0.057023259,0.710503472,0,0,0,0,0,0,2,5,0,0,0,1,0,2,0,0,0,0,0,1,0,0,0,0,4,0,0,0,0,1,2,2,0,2,0,0,2,0,0,0,0,0,0,0,8,0,0,0,1,0,0,0,0,0,0,0,4,0,0,0,0,0,0,0,0,0,0,0,0,0,0,0,0,0,0,1,0,0,0,0,0,1,1,1,0,0,0,3,0,0,0,0,0,0,0,1,0,0,3,0,0,3,0,1,0,7,0,0,0,0,1,0,0,0,0,0,0,3,0,0,1,0,0,0,0,0,0,0,0,0,0,0,0,0,0,0,0,0,0,0,0,0,0,3,1,0,0,1,0,1,0,0,0,0,0,0,0,0,0,0,2,5,0,0,0,0,0,0,0,0,0,0,1,0,0,1,0,0,0,0,0,0,0,0,0,0,1,0,0,0,1,0,0,0,0,0,0,0,8,0,0,0,0,0,0,0,1,0,0,0,5,0,4,0,0,1,0,0,0,0,0,0,2,4,0,1,5,0,5,0,1,0,0,0,0,0,0,0,0,0,0,0,1,19,0,0,0,0,1,3,0,0,0,2,0,1,3,0,0,0,0,0,0,0,0,0,0,0,0,0,0,0,0,0,0,0,4,0,0,0,0,0,0,3,0,2,1,0,0,0,0,0,0,1,0,0,1,0,0,11,0,0,0,0,0,0,0,0,1,0,0,2,0,0,0,0,0,1,0,0,0,0,0,0,1,0,0,0,0,1,9,2,0,0,"darkgreen",0.290162952107399,0.0948818588865279,0.279106513650313,0.129747365950659,0.253529442092818,0.163634527095677,0.0469757942908177,0.0239715563274729,0.0308911019115784,0.0858367686045896,0.0299220116242726,0.0901740041459434,0.159534147676549,0.0711821809329719,-0.214173380439792,-0.061913381054283,0.0352038466124452,0.0503134553712533
"OG44",0.474365344,-79.19811012,339,"Oldgrowth","F_Old",5.243415204,0.406287283,356.2961888,0.848234631,0.513064355,0.435052334,0.043621987,0.869391741,0,0,0,0,7,0,0,3,0,0,0,0,0,0,0,0,0,0,0,0,0,0,0,0,0,0,0,0,0,1,1,0,0,0,0,0,6,0,0,0,0,0,0,0,2,0,0,0,0,0,0,1,0,0,2,0,0,0,0,0,0,1,0,0,0,0,0,0,0,0,0,0,0,0,0,0,0,1,0,0,0,1,0,0,1,0,0,1,2,0,0,0,3,0,0,1,0,0,0,0,0,0,0,0,1,3,0,0,0,0,0,0,0,0,0,0,1,0,0,0,0,0,0,0,0,0,0,0,0,0,1,1,0,5,1,0,0,0,0,0,0,5,0,1,0,0,0,0,3,0,0,0,0,0,0,0,0,0,0,0,4,1,0,0,0,0,0,0,0,0,0,1,0,0,0,0,0,0,0,0,0,0,0,0,0,0,0,0,0,0,0,1,0,0,0,0,1,0,2,0,0,0,0,0,0,0,1,0,0,0,4,0,1,0,1,2,0,0,0,0,0,0,0,1,0,0,1,0,8,0,0,0,0,0,0,0,0,0,0,0,0,0,0,6,1,0,0,0,1,1,0,0,0,5,1,1,4,0,0,0,1,0,0,0,0,0,1,0,0,0,0,0,0,0,0,0,5,0,0,0,0,0,0,0,0,2,3,0,0,0,0,1,0,0,0,0,1,0,0,10,0,0,0,0,2,0,0,0,1,0,1,0,2,2,1,0,0,0,0,0,0,0,0,0,0,0,0,0,1,2,2,0,0,0,"darkgreen",0.281591938050679,0.00336690605534755,0.296469096375322,0.0158767608783818,0.307072829630757,0.0218065119773351,0.0404782109102299,0.00357747363169262,0.0851875367420901,0.0411536869181564,0.109359219804938,0.0399385029268876,0.155050466413865,0.022260784708588,-0.34783276801972,-0.179264244100842,0.114426531730878,0.01243751384436
"OG45",0.477782981,-79.20370404,362,"Oldgrowth","F_Old",5.298702873,0.373659561,135.7379173,0.767057873,0.475339904,0.443354351,0.058915975,0.832567584,0,0,0,0,0,0,0,1,0,1,0,0,0,2,0,0,0,0,0,0,0,0,0,0,1,0,0,0,0,3,0,0,0,0,0,0,7,0,0,0,0,0,0,0,3,0,0,0,1,0,0,0,0,0,9,0,1,0,0,0,0,0,0,0,0,0,0,0,0,0,0,0,0,0,0,0,0,0,0,0,0,0,2,4,0,0,0,1,0,0,0,0,0,0,0,0,0,0,3,0,0,3,0,0,0,2,0,0,0,0,0,0,0,0,0,0,0,0,0,0,1,4,0,1,2,0,0,0,0,0,0,0,0,4,0,0,0,0,0,1,0,0,0,0,0,0,0,0,2,0,0,0,0,0,0,0,0,0,0,1,4,1,0,1,0,0,2,0,0,0,0,0,0,0,0,1,0,0,0,3,0,0,0,0,0,0,1,0,0,0,0,0,0,0,0,0,1,0,1,1,0,0,1,0,0,0,1,0,0,0,0,0,2,0,0,1,0,1,0,0,0,0,0,0,0,0,5,0,10,0,0,0,0,0,0,0,1,0,0,0,0,0,0,9,1,0,0,0,3,1,0,0,0,0,0,1,3,0,0,0,0,0,0,1,0,0,0,0,0,0,0,0,0,0,0,0,2,0,0,0,0,0,0,6,2,1,3,0,0,0,0,0,0,0,0,0,0,0,0,5,0,0,0,0,0,0,0,0,0,0,4,1,0,5,1,0,0,0,0,0,0,0,0,0,0,0,0,0,0,0,5,10,0,0,"darkgreen",0.366856587646715,0.0897904308889726,0.343869004597509,0.0992922270479785,0.30819934699821,0.0970285652167889,0.0611852631977536,0.0257972354797437,0.0539594270559937,0.0673354503807164,0.0496932501563656,0.0599056134419273,0.21337987065951,0.0743865144321358,-0.306465842173192,-0.0979856100985566,0.044862220046486,0.0158376739443138
"OG46",0.478052963,-79.19470296,260,"Oldgrowth","F_Old",5.216489097,0.413901647,75.0630893,0.633507138,0.414911958,0.433836835,0.047714872,0.425914559,0,0,0,0,0,0,0,0,0,0,0,0,0,0,0,0,0,0,0,0,0,0,0,0,2,0,0,0,0,0,0,0,0,0,0,0,6,1,0,0,0,0,0,0,1,0,0,0,0,0,0,0,2,0,1,0,0,0,0,0,0,0,0,0,0,0,0,0,0,0,0,0,0,0,0,0,1,0,0,0,0,0,0,0,7,0,0,0,0,0,0,0,0,0,0,0,0,0,0,0,0,0,0,0,0,6,0,0,0,0,0,0,0,0,0,0,0,0,0,0,1,0,0,0,0,0,0,0,0,0,3,0,0,0,0,0,0,1,0,0,0,0,0,0,0,0,0,0,0,0,0,0,0,0,0,0,0,1,0,0,1,4,0,0,0,0,0,0,0,0,0,0,0,0,0,0,0,0,0,0,0,2,0,0,0,0,1,0,0,0,0,0,0,0,0,0,0,0,2,0,0,0,0,0,0,0,2,0,0,0,0,0,0,0,0,0,1,1,0,0,0,0,0,0,0,0,0,0,1,0,0,0,1,0,0,0,0,0,0,0,0,0,0,6,0,0,0,0,0,0,0,0,0,2,0,0,0,0,0,0,0,0,0,0,0,0,0,0,0,0,0,0,0,0,0,0,0,0,0,0,0,0,0,0,0,1,0,0,0,0,0,0,0,0,0,0,0,0,0,0,0,0,0,0,0,0,0,0,0,0,0,0,0,0,0,0,0,0,0,0,0,0,0,0,0,0,0,0,0,1,0,0,0,0,"darkgreen",0.394872244832383,-0.228800113429773,0.407624115684116,-0.194851363990332,0.430075148216431,-0.147007656073468,0.084563601292969,-0.0216238877168543,0.315499668052005,-0.0130779989411201,0.396133388758821,-0.00479322686143702,0.30177422083669,-0.140197043927056,0.238917430513283,-0.606314278194132,0.36448937347351,0.111091464829697
"OG47",0.483218981,-79.21519504,450,"Oldgrowth","F_Old",5.270878795,0.388267886,92.95323134,0.689740862,0.456037179,0.436519237,0.052235332,0.617447917,0,0,0,0,0,0,0,0,0,0,0,1,0,0,0,0,0,0,0,0,0,0,1,3,1,0,0,0,0,0,0,0,0,0,0,0,14,0,0,0,0,0,0,0,5,0,0,0,0,1,0,0,0,0,0,0,1,0,0,0,0,0,0,0,0,0,0,0,0,0,0,0,0,0,0,0,0,0,0,0,0,1,0,0,0,0,0,2,0,0,0,0,1,0,0,0,0,0,4,0,0,3,0,1,0,3,0,0,0,0,0,0,0,0,0,0,0,0,0,0,1,0,0,0,3,0,0,0,0,0,1,0,0,0,0,0,0,0,0,0,0,0,0,1,0,0,0,1,0,0,0,0,0,0,0,0,0,0,0,0,7,7,0,2,0,0,0,0,0,0,0,0,0,0,0,1,0,0,0,0,0,0,0,0,0,0,7,0,0,0,0,0,0,0,0,0,0,0,0,0,0,0,0,0,0,0,0,0,0,0,3,0,1,0,0,0,0,5,0,0,0,1,0,3,0,0,1,0,6,0,2,0,0,0,0,0,2,0,0,0,0,0,0,2,1,0,0,0,0,3,0,0,0,0,0,1,0,0,0,0,0,0,0,0,0,0,0,0,0,0,0,0,0,0,0,0,2,1,0,0,1,0,0,2,0,0,2,0,0,0,0,0,0,0,0,0,0,0,0,1,0,0,0,0,0,0,0,0,0,0,2,0,2,1,0,0,0,0,0,0,0,0,0,0,0,0,0,0,1,7,1,2,0,0,"darkgreen",0.382939906561028,-0.0311557764622052,0.378787693533869,-0.0339660092921245,0.38151037564396,-0.035536690618677,0.0740763827365943,0.00213415719099677,0.114028893670529,0.0438258072068638,0.120112284257525,0.0332603398029363,0.224526895073088,-0.010588869041585,-0.254748409008926,-0.254834415519705,0.116597587138259,0.036709739360176
"OG48",0.531208981,-79.14474397,299,"Oldgrowth","F_Old",5.275542023,0.390609265,146.1718517,0.713017055,0.565418614,0.43219107,0.048228408,0.681358507,0,0,0,0,0,0,0,5,0,0,0,0,0,0,0,0,0,0,0,1,0,0,1,0,1,0,0,0,0,5,0,0,0,1,0,0,9,0,0,0,0,0,2,0,0,0,0,0,0,0,0,0,0,2,0,0,0,0,0,0,0,0,0,0,0,0,0,0,0,0,0,0,0,0,0,0,0,0,0,0,1,1,5,0,0,0,0,3,1,0,0,0,4,0,0,2,0,0,1,0,0,2,0,0,0,3,0,0,0,0,0,0,0,0,0,0,0,0,0,0,1,2,0,1,1,0,0,0,0,0,4,0,0,17,1,0,0,2,0,0,0,2,0,1,0,0,0,0,10,0,0,0,0,0,0,0,2,0,0,0,7,8,0,0,1,0,0,0,0,0,0,0,0,0,0,0,0,0,0,1,0,2,0,0,0,0,3,0,0,1,0,0,0,0,0,0,0,0,3,0,0,0,0,0,0,0,0,0,0,0,2,0,0,0,0,2,1,2,0,0,0,0,1,4,0,0,0,0,13,0,0,0,0,0,0,0,0,0,0,0,0,2,0,5,0,0,0,0,2,1,0,0,0,1,0,0,3,1,0,0,0,0,0,0,0,0,0,0,0,0,0,0,0,0,0,0,6,4,0,0,1,0,0,0,2,1,1,0,0,0,0,2,0,0,0,0,0,0,0,7,0,0,0,0,0,0,0,0,3,1,0,1,1,0,2,0,0,0,0,0,0,0,0,0,1,0,0,0,0,1,2,3,0,0,"darkgreen",0.31814965491617,0.114663653021171,0.318614124470837,0.113936233117543,0.326836097023231,0.0742060147875509,0.0535067829184493,0.0330030813692643,0.018920502819749,0.0983134992019766,0.00234047216023678,0.091236047104656,0.183167218960109,0.0963275483469954,-0.252020910427455,-0.0653503637736237,-0.00716323685768483,0.0463424988222829
"OG49",0.531383995,-79.14797897,310,"Oldgrowth","F_Old",5.245368854,0.407784749,340.3765362,0.822896322,0.469989514,0.427736499,0.042618525,0.620588418,0,0,0,0,3,0,0,2,0,0,0,0,0,0,0,0,0,0,0,0,0,0,0,4,5,0,0,0,0,0,1,5,0,0,1,0,8,1,0,0,0,1,3,0,0,0,0,0,0,0,0,0,0,0,2,0,1,0,0,0,1,0,0,0,0,0,0,0,0,0,0,0,0,0,1,0,0,0,0,0,0,0,0,1,0,0,0,1,0,0,0,0,3,0,0,3,0,4,0,0,0,0,1,0,1,1,0,0,0,0,0,0,0,0,0,0,0,0,0,0,0,0,0,0,0,0,0,0,0,0,1,1,1,0,1,0,0,1,0,0,0,2,0,0,0,0,0,0,4,1,0,2,0,0,0,0,0,0,0,0,8,5,0,1,0,1,0,0,0,0,0,0,0,0,0,0,0,0,0,0,0,1,0,0,0,0,4,0,0,0,0,0,0,0,0,0,0,1,0,1,0,0,0,0,0,0,2,0,0,0,4,0,0,0,0,2,0,0,0,0,0,1,1,0,0,0,0,1,8,0,1,0,0,0,0,0,0,0,0,1,0,0,0,3,2,0,0,0,2,3,0,0,0,0,0,1,0,1,1,0,0,1,0,0,0,0,0,0,0,0,0,0,0,0,0,0,4,1,0,1,0,0,0,0,0,1,1,0,0,1,0,0,0,0,0,0,2,0,0,5,0,0,0,0,0,0,0,0,3,0,3,0,1,2,2,1,0,0,0,0,0,0,0,0,0,0,0,0,0,1,4,0,0,0,"darkgreen",0.23702574820798,-0.03484112950691,0.254431003773497,-0.0324046293376338,0.274645285022684,-0.0400323366069765,0.0374576642002291,-0.00132236813342052,0.0599180648566609,0.0342766458274582,0.0664529630149858,0.0347419121535398,0.137901381987959,0.0117596937823837,-0.350270045731345,-0.122826621480796,0.0742308365985028,0.0210104822571794
"OG50",0.534413969,-79.14397401,316,"Oldgrowth","F_Old",5.221015377,0.418963257,103.1703273,0.570337205,0.500531417,0.424685867,0.054742724,0.544546751,0,0,0,0,0,0,0,3,0,0,0,1,0,0,0,0,0,0,0,2,0,0,0,4,0,0,0,0,0,1,0,0,0,0,0,0,2,0,0,0,0,0,0,0,3,0,0,0,0,0,0,0,0,0,0,0,0,0,0,0,0,0,0,0,0,0,0,0,0,0,0,0,0,0,1,0,0,0,0,0,0,0,4,0,0,0,0,4,1,0,0,0,1,0,0,0,0,0,1,0,0,0,0,0,0,4,0,0,0,0,0,0,0,0,0,0,1,0,0,0,0,0,0,0,0,0,0,0,0,0,1,0,1,0,0,0,0,2,0,0,0,0,0,0,0,0,0,1,5,0,0,0,0,0,0,0,0,0,0,0,11,8,0,0,0,0,0,0,0,0,0,0,0,0,0,1,0,0,0,2,0,1,1,0,0,0,4,2,0,0,0,0,0,0,0,0,0,0,2,0,3,0,0,0,0,0,0,0,0,0,1,0,0,0,0,0,0,2,0,0,0,0,0,0,0,0,2,0,14,0,1,0,0,0,0,0,1,0,0,1,0,1,0,5,0,0,0,0,3,0,0,0,0,2,0,0,0,1,0,0,0,0,0,0,0,0,0,0,0,0,0,0,0,0,0,0,0,0,0,0,1,0,0,0,0,2,0,0,0,1,0,0,0,0,0,0,1,0,0,14,0,0,0,0,0,0,0,0,0,1,3,0,0,0,1,0,0,0,0,0,0,0,0,0,0,0,0,1,0,0,5,1,0,0,"darkgreen",0.377981993689232,0.0385663719916015,0.364355088217921,0.0340377075503088,0.347993540269695,0.0366139722027159,0.0627521315492462,0.0158573926672969,0.100767834736873,0.0676680175043563,0.115111177460425,0.0587055608772169,0.222930369574727,0.0550234190137875,-0.223448152280059,-0.245854861832945,0.121353422515151,0.0273968856760312
"OG51",0.552252671,-79.13747267,228,"Oldgrowth","F_Old",5.245649609,0.413400613,436.4328807,0.859526135,0.545613342,0.433808699,0.043728034,1.219137525,0,0,0,0,6,0,1,5,0,0,0,0,0,0,1,0,0,0,0,0,0,0,0,1,5,0,0,0,0,3,1,0,0,0,1,0,5,0,0,0,0,0,3,0,0,0,0,0,0,0,0,0,0,0,0,0,0,0,0,0,0,0,0,0,0,0,0,0,0,0,0,0,1,0,1,0,2,0,0,0,0,0,2,1,2,0,0,4,0,0,1,0,8,0,0,1,0,0,3,0,0,1,0,0,1,5,0,0,0,0,0,0,0,1,0,0,0,0,0,0,0,4,0,0,0,0,0,0,0,1,1,1,0,1,1,0,0,0,0,0,0,2,0,1,0,0,0,0,2,1,0,0,0,0,0,0,0,0,0,0,6,8,0,1,0,1,0,1,0,0,0,0,0,0,0,0,0,0,0,1,0,0,1,0,0,0,2,3,0,1,0,0,0,0,0,0,0,0,0,0,0,0,0,0,0,0,1,0,0,0,4,0,2,0,0,1,0,3,0,0,1,2,2,1,0,1,1,0,11,0,0,0,0,0,0,0,0,0,0,1,0,0,0,7,3,0,0,0,1,4,0,0,0,4,0,0,0,3,0,0,0,0,0,0,0,0,0,0,0,0,0,0,0,0,0,0,3,3,0,0,0,0,0,2,1,1,1,0,0,1,0,0,0,0,0,0,2,0,0,1,0,0,0,1,0,1,0,0,5,0,1,0,1,2,0,0,0,1,0,0,0,0,3,0,0,0,0,1,2,2,6,9,0,0,"darkgreen",0.225255440302832,0.0348466271243442,0.228326666114073,0.0249522612899617,0.22855352343569,0.0131644336547705,0.0378556519301522,0.010233931971793,0.00118433685331976,0.0614043973354178,-0.0189884717421346,0.0588079932013178,0.12698667229126,0.0289734434725628,-0.321411484465309,0.0570052290472555,-0.0198006313074657,0.0346312314182724
"OG52",0.54574253,-79.13757074,225,"Oldgrowth","F_Old",5.053610342,0.52425911,118.0313591,0.513727097,0.451881994,0.417799023,0.01654899,0.338932292,0,0,0,0,3,0,0,0,0,0,0,1,0,0,0,0,0,0,0,0,0,0,0,0,1,0,0,0,0,0,0,1,0,0,0,0,2,0,0,0,0,0,0,0,0,0,0,0,0,0,0,0,0,0,0,0,0,0,0,0,0,0,0,0,0,0,0,0,0,0,0,0,0,0,0,0,0,0,0,0,0,0,0,0,0,0,0,0,0,0,0,0,0,0,0,0,0,0,1,0,0,0,0,0,0,0,0,0,0,0,0,0,0,0,0,0,0,0,0,0,0,0,0,0,0,0,0,0,0,0,1,0,0,0,1,0,0,0,0,0,0,0,0,0,0,0,0,0,0,0,0,0,0,0,0,0,0,0,0,0,4,5,0,0,0,0,0,0,0,0,0,0,0,0,0,0,0,0,0,0,0,0,0,0,0,0,1,0,0,0,0,0,0,0,0,0,0,0,0,0,0,0,0,0,0,0,0,0,0,0,0,0,0,0,0,0,0,0,0,0,0,0,0,0,0,0,0,0,2,0,0,0,0,0,0,0,0,0,0,0,0,0,0,3,0,0,0,0,0,0,0,0,0,0,0,0,0,0,1,0,0,0,0,0,0,0,0,0,0,0,0,0,0,0,0,0,2,0,0,1,0,0,0,0,0,0,0,0,0,0,0,0,0,0,0,0,0,0,0,0,0,0,0,0,0,0,0,0,0,0,0,0,0,0,0,0,0,0,0,0,0,0,0,0,0,0,0,0,0,0,0,0,0,0,"darkgreen",0.409263842248902,-0.398534036435271,0.437361352720519,-0.333212611983417,0.457166554244463,-0.283607783683461,0.115565521409193,-0.0570113806016771,0.483403385840948,-0.0630079138126608,0.60273815548685,-0.0383580469438472,0.319041093002108,-0.332304545679438,0.475707873758233,-0.785335820057646,0.590264146140531,0.0618687954506482
"PR19",0.552738821,-79.17480114,177,"P_Reg_I","F_PReg1",5.187240595,0.438864854,127.8139602,0.507282075,0.394380832,0.434525724,0.089653323,0.269763765,0,0,0,0,0,4,2,0,0,0,0,0,0,0,0,0,1,0,0,3,0,0,0,0,3,0,0,0,2,1,1,0,0,0,0,0,0,0,0,0,0,0,0,0,0,5,0,0,1,0,0,0,0,0,0,0,5,0,0,0,0,0,5,0,0,0,0,0,0,0,0,0,0,0,1,0,0,3,0,0,0,0,4,2,1,0,0,0,1,0,0,0,0,0,0,0,0,3,0,0,0,0,0,0,2,0,0,0,0,1,0,0,0,0,0,0,0,0,0,0,1,1,0,0,0,0,1,0,0,0,3,0,0,1,0,0,0,0,0,3,0,0,0,0,3,2,0,0,0,4,0,12,0,0,0,0,1,0,0,0,2,2,0,1,8,1,0,0,0,0,1,0,0,0,0,1,0,0,0,1,0,0,3,0,1,0,3,1,0,0,0,0,0,0,0,0,0,11,1,0,0,0,0,1,1,0,2,1,0,0,1,0,1,0,0,0,0,6,0,1,0,0,0,0,0,0,1,0,10,0,2,0,0,0,0,0,0,0,0,3,0,3,2,6,4,0,0,0,0,2,0,0,0,3,0,0,0,0,0,0,0,0,0,0,0,0,0,0,0,0,0,0,0,0,0,0,0,5,0,1,0,0,0,0,2,0,0,0,0,0,0,2,0,8,5,0,3,0,0,3,0,0,0,0,0,0,0,0,0,0,0,0,0,0,0,2,0,14,2,0,0,0,0,0,0,0,0,0,0,0,1,1,0,0,"greenyellow",0.0175442187813953,0.154742191268714,0.00972811004664791,0.148784240664062,0.00544887697859222,0.0928488232764064,0.00433887376599007,0.0203654851856129,-0.0364995095166211,0.0394770424741495,-0.0491334644107261,0.0358866069769617,0.00851504400427932,0.0975810692148819,-0.10374458641174,0.183152106862712,-0.0484323375288349,-0.0120002741959831
"PR20",0.496644,-79.171518,540,"P_Reg_I","F_PReg1",5.277312465,0.381122485,487.1471181,0.871879941,0.482827111,0.462957283,0.080499469,1.441734871,0,0,0,0,1,4,0,1,0,0,0,0,0,0,1,0,0,0,1,3,0,0,0,0,1,0,0,0,0,0,0,0,4,0,0,0,0,13,0,0,0,0,0,2,0,0,0,0,1,0,0,0,0,0,4,0,0,0,0,0,2,0,6,0,0,0,0,0,10,0,0,0,0,0,0,0,0,0,0,0,0,0,0,0,1,0,2,0,0,0,0,0,0,2,0,0,0,0,0,0,0,0,2,0,0,0,0,0,0,0,0,0,0,4,0,17,0,0,0,0,0,0,6,0,0,0,0,0,0,0,0,1,0,0,0,0,0,0,0,0,0,0,0,0,0,0,0,0,0,10,0,0,0,0,0,0,0,0,1,0,0,0,0,0,0,0,0,0,0,0,0,7,0,0,0,0,0,0,0,0,0,0,0,17,0,1,0,0,0,0,0,0,0,0,0,0,0,0,3,0,0,0,0,1,0,0,0,0,0,0,1,0,0,0,0,0,0,0,0,0,0,8,1,0,1,0,0,0,0,0,0,0,0,2,0,0,0,0,7,0,0,0,0,5,2,0,13,0,0,0,0,0,2,1,4,0,0,0,0,0,0,0,0,0,0,2,0,0,0,7,2,4,1,5,0,6,0,0,1,1,0,0,0,0,0,0,0,2,0,0,0,0,0,0,4,1,0,0,0,1,0,1,4,0,0,0,3,0,1,1,1,0,0,0,0,0,0,2,7,0,0,0,0,0,1,0,0,0,0,0,0,2,0,0,"greenyellow",-0.301424722329493,0.206186689459741,-0.307834595630663,0.189940715429667,-0.302645066967052,0.178371811654934,-0.0589011800384532,0.0560489493815156,-0.096097342532225,-0.0658511989126088,-0.103058672939159,-0.056442927905945,-0.177564014960894,0.178742109249174,0.240670859206474,0.120995481812406,-0.112036910896354,-0.0140419019087404
"PR22",0.509381583,-79.20450795,400,"P_Reg_I","F_PReg1",5.150851992,0.457745546,168.1071082,0.567390079,0.468727032,0.442501864,0.069467666,0.623728919,0,0,0,0,0,1,2,2,0,0,0,0,0,0,0,0,2,0,0,3,0,0,0,0,0,0,0,0,0,0,0,0,0,0,0,0,0,3,0,0,0,0,2,0,0,0,0,0,0,0,0,0,0,0,0,0,0,0,0,0,0,0,8,0,0,0,0,0,1,0,0,0,0,0,0,0,0,9,0,1,0,0,0,0,0,0,0,0,2,0,0,0,0,0,0,0,0,3,2,0,0,0,7,0,2,0,0,0,0,0,0,0,0,4,0,0,0,1,0,0,0,1,0,0,0,0,0,0,0,0,2,0,0,0,0,0,0,0,0,0,1,1,0,0,1,4,0,0,0,17,0,10,0,0,7,0,2,0,0,0,0,1,0,1,0,0,0,0,0,0,0,3,0,0,0,0,0,0,0,1,0,1,5,7,0,1,0,0,0,0,0,0,0,0,0,0,0,0,0,0,0,0,0,8,0,0,3,0,0,0,0,0,6,0,0,0,0,3,0,0,0,1,1,0,0,0,0,0,4,0,0,0,0,0,0,0,1,0,0,2,0,0,2,3,1,0,6,0,0,1,0,1,0,4,11,0,0,0,0,0,0,0,0,0,0,0,0,0,0,0,0,0,1,0,0,0,5,2,0,0,0,0,0,0,2,0,3,0,0,1,0,1,0,4,2,1,3,0,0,0,0,0,0,2,0,0,1,0,0,0,0,0,0,0,0,3,0,6,1,0,0,0,1,1,0,0,0,0,0,0,0,6,0,0,"greenyellow",-0.0990135035331264,0.0150755074478545,-0.110077690123173,0.00661311017149894,-0.117167302487734,-0.0125247408650519,-0.0136701605224526,0.000407755752010719,-0.0579013004898697,0.00557675181745198,-0.075465065250016,0.00839919179178694,-0.0735765091783952,-0.014878816465841,0.0369350821994494,0.312674027814134,-0.0764359099548697,-0.0192889551332472
"PR23",0.510838861,-79.23202079,415,"P_Reg_I","F_PReg1",5.286282564,0.376796166,470.3695375,0.846973238,0.421797764,0.475423798,0.076197386,0.985267857,0,0,0,0,1,1,1,3,0,0,0,0,0,0,0,0,0,0,0,0,0,0,0,0,0,0,0,0,0,0,0,0,0,0,0,0,0,1,0,0,0,0,0,0,0,0,0,0,0,0,0,0,0,0,0,0,0,0,0,0,0,0,0,0,2,0,0,0,14,1,0,0,0,0,0,0,0,3,0,0,0,0,0,0,0,0,0,2,0,0,1,0,0,0,0,0,0,0,0,0,0,0,1,0,0,0,0,0,0,0,0,0,0,0,0,0,0,0,0,0,1,0,1,0,0,0,0,0,0,0,0,0,0,0,0,0,0,0,0,0,1,0,0,0,0,0,0,0,0,0,0,1,0,0,2,0,0,0,0,0,0,1,0,0,0,0,0,0,0,0,0,0,0,0,0,0,0,0,0,0,0,0,0,6,0,7,0,0,0,0,0,0,0,0,0,0,0,0,0,0,0,0,0,0,0,0,0,0,0,0,0,0,6,0,0,0,1,0,0,0,0,0,0,1,0,0,0,0,7,0,0,0,0,0,0,0,0,0,0,0,0,0,0,4,1,0,1,0,0,0,0,2,0,0,1,0,0,0,0,0,0,0,0,0,0,0,0,0,1,2,0,2,0,0,0,0,0,0,0,0,0,0,0,0,1,0,0,0,0,0,0,0,0,0,0,0,0,0,0,0,0,0,3,0,0,0,0,0,0,0,0,0,0,0,0,0,0,4,1,0,0,0,0,0,0,0,0,0,0,0,0,4,0,0,"greenyellow",-0.166453413702264,-0.270122401928886,-0.142031076244704,-0.267742821870301,-0.105978144079565,-0.273403826696923,0.00431726341303612,-0.0637341107621875,0.161916369335547,-0.143422878266883,0.21698854454448,-0.147538062755537,-0.081266383041463,-0.183118561560222,0.0675984241704188,-0.288653912755782,0.192584013726344,-0.127582316220363
"PR24",0.52084065,-79.21367372,381,"P_Reg_I","F_PReg1",5.193515442,0.434180245,149.5525449,0.707151867,0.51601214,0.441593359,0.039055222,0.808851066,0,0,0,0,0,0,0,0,0,0,0,0,0,0,0,0,4,0,0,0,0,0,0,0,0,0,2,0,0,0,0,0,0,0,0,0,0,3,0,0,0,0,1,0,0,0,0,0,0,0,0,0,0,0,0,0,0,0,0,0,0,0,5,0,0,1,0,0,0,0,0,0,0,0,0,0,1,4,1,0,0,0,0,0,0,0,0,0,0,0,0,0,0,0,0,0,0,0,0,0,0,0,2,0,1,3,0,0,0,0,0,0,0,0,0,0,0,0,0,0,0,0,0,0,0,0,0,0,0,0,2,3,0,0,0,0,0,1,0,0,0,0,0,0,1,0,0,0,1,15,0,12,0,0,0,0,1,0,0,0,0,6,0,0,0,0,0,6,0,0,0,1,0,0,1,0,0,0,0,0,0,0,2,1,0,0,1,0,0,0,0,0,0,0,0,0,0,0,1,0,1,0,0,0,0,0,8,0,0,0,3,0,1,0,0,0,0,1,0,0,0,0,0,0,0,0,0,0,13,0,0,0,0,0,0,0,0,0,1,0,0,0,0,0,1,0,7,0,1,2,0,0,0,3,0,0,0,0,0,0,1,0,0,0,0,0,0,0,0,0,0,0,0,0,0,0,2,5,0,1,0,0,0,0,0,0,0,0,0,0,0,0,0,3,1,0,1,0,0,0,0,0,0,1,0,0,0,0,1,0,0,0,2,0,0,1,0,7,0,0,0,0,0,0,0,0,0,1,0,0,2,9,0,0,"greenyellow",0.0364770512659976,-0.0640609654656885,0.0216984655796412,-0.0283063959983846,0.0125615987558185,-0.0391396557436227,0.0116089406694903,-0.0212371397900887,0.0214779445696896,-0.0114600177726077,0.0176341203939201,-0.0045902396130137,0.0209029126402446,-0.0632701041541949,-0.196168841563954,0.118532530133384,0.0237088697034159,-0.0181424309493204
"PR25",0.495578432,-79.17639714,544,"P_Reg_I","F_PReg1",5.219882167,0.421968344,204.5319723,0.676472982,0.412110458,0.476783083,0.13012925,1.176168775,0,0,0,1,1,3,0,3,0,0,0,0,0,0,0,0,1,0,3,0,0,0,0,0,0,0,0,0,0,0,0,0,6,0,0,0,0,8,0,0,0,0,0,1,0,0,0,0,0,0,0,0,0,0,8,0,0,0,0,0,3,0,5,0,1,0,0,0,4,0,0,0,0,0,0,0,0,9,1,0,0,0,1,0,1,0,0,0,0,0,5,0,0,0,1,0,0,0,0,1,0,0,1,0,0,1,0,0,0,0,0,0,0,4,0,7,0,0,0,0,0,0,7,0,0,0,0,0,0,2,1,0,0,0,0,0,0,0,4,2,0,0,0,0,0,1,0,0,0,4,0,4,0,0,3,0,3,0,0,0,0,0,0,0,0,0,0,0,0,0,0,4,0,0,0,0,0,0,0,0,0,0,1,10,0,4,0,0,8,0,0,0,0,0,0,0,0,1,2,0,1,0,0,9,0,0,2,0,0,0,0,0,1,0,0,0,0,2,0,0,0,2,0,0,0,0,0,0,0,1,1,0,0,0,1,0,0,0,8,0,0,1,0,12,0,0,28,0,1,0,0,0,0,8,11,0,0,0,0,0,0,0,0,0,0,0,0,0,0,2,0,1,1,2,0,4,0,3,0,2,0,0,0,0,0,0,0,1,0,0,2,0,0,1,6,3,0,0,0,2,0,0,16,0,0,0,0,0,0,0,1,0,0,0,1,0,0,4,1,0,0,0,0,0,0,0,0,0,0,1,0,0,0,0,"greenyellow",-0.242746927642822,0.153327989823973,-0.248213103888087,0.141629431749165,-0.254943257386659,0.146404354980368,-0.0468798956308577,0.0422384232072516,-0.130260579776777,0.00327268420604255,-0.158049440801985,-0.0113828649901367,-0.138700818373697,0.119453950333842,0.250250866593404,0.182309339301032,-0.154264838501379,0.0215100283655507
"PR28",0.46443304,-79.21261308,224,"P_Reg_I","F_PReg1",5.116311173,0.483864704,127.1447545,0.493966239,0.467985961,0.431523411,0.088608162,0.440445188,0,0,0,0,2,0,3,1,0,0,0,0,0,0,3,0,0,0,0,1,0,0,0,0,3,0,0,0,0,8,2,0,0,0,0,0,6,1,0,0,1,0,0,0,6,1,0,0,0,0,0,0,0,0,0,0,0,0,0,0,0,0,2,0,0,0,0,0,0,0,0,0,0,0,0,0,0,1,0,0,0,0,0,0,2,0,0,1,0,0,0,1,4,0,0,0,0,0,0,0,0,1,0,0,3,4,0,0,1,0,0,0,1,0,0,0,0,0,0,0,0,1,0,1,1,0,0,0,0,0,1,0,0,0,0,0,0,0,0,0,0,0,0,0,2,5,0,1,0,2,2,1,0,0,0,0,0,0,0,0,4,11,0,0,0,0,0,0,0,0,0,0,0,0,0,0,0,0,0,1,0,0,1,0,0,0,4,0,0,0,0,0,0,0,0,0,0,2,4,0,0,0,0,0,0,0,3,0,0,0,1,0,1,0,0,2,0,2,0,0,0,1,3,0,0,0,2,0,9,0,0,0,0,0,1,0,2,0,0,1,0,0,6,18,1,1,0,0,0,0,0,0,0,2,0,0,2,0,0,0,0,0,0,0,0,0,0,0,0,0,0,0,0,0,0,0,1,2,0,0,0,0,0,0,2,0,0,0,0,0,0,1,0,0,1,0,2,0,0,10,0,0,0,0,0,0,0,0,0,1,1,0,0,0,0,0,0,0,0,0,0,0,0,0,1,0,0,0,0,0,1,1,0,0,"greenyellow",0.163755611943558,0.0551100303637816,0.179927787814116,0.0729627480925397,0.192138171326658,0.0912705370797843,0.0264604871412412,0.011491146341379,0.0331522211550293,0.0521485148846282,0.0383174156376757,0.0553052567789357,0.0901685215801633,0.0460102480823997,-0.308275762901312,-0.0155123803079581,0.0366612535163577,0.044522266927748
"PR29",0.472908653,-79.23061581,173,"P_Reg_I","F_PReg1",5.139601611,0.473355832,482.6459705,0.725684533,0.421475668,0.434427527,0.078625736,1.1746461,0,0,0,0,2,5,0,0,0,0,0,1,0,0,0,0,0,0,0,0,1,0,0,2,4,0,0,0,0,0,2,0,0,0,0,0,0,2,0,0,0,3,0,0,0,1,0,0,0,0,0,0,0,0,0,0,1,0,0,10,0,0,0,0,0,0,0,0,0,0,0,0,0,0,0,0,0,1,0,3,0,1,0,0,0,0,0,0,3,1,2,0,0,0,0,0,0,6,0,0,0,0,0,0,0,0,0,0,0,0,1,1,0,0,0,0,0,0,0,0,0,0,0,0,0,0,0,0,0,0,1,0,1,0,0,0,0,0,0,0,0,1,0,0,7,1,2,0,0,9,0,12,0,0,0,0,0,0,1,0,0,1,0,0,1,0,0,0,0,0,0,1,0,0,2,0,0,0,0,0,0,0,0,5,0,0,0,0,2,0,0,0,0,0,0,0,0,0,1,0,1,1,0,0,0,0,0,0,0,0,3,0,3,0,0,0,0,1,1,0,0,0,0,0,1,0,0,0,5,1,0,0,0,1,0,1,0,0,0,0,0,0,0,5,2,0,13,0,0,1,0,0,0,3,0,0,0,0,0,0,0,0,0,0,0,0,0,0,0,1,0,1,0,0,0,0,0,0,0,1,1,0,0,0,2,0,1,0,0,0,0,0,0,2,2,1,1,0,0,3,0,0,0,1,0,0,0,0,1,0,0,0,0,0,0,3,0,4,1,0,0,0,0,1,0,0,0,1,0,0,0,1,0,0,"greenyellow",-0.0663350109938129,-0.103546508802685,-0.0766887700667925,-0.103010574280267,-0.0959583165797132,-0.0864451438006274,-0.00951199786888581,-0.0198094015556957,0.0195493458777364,-0.0419308732268245,0.0404102532159128,-0.0407925046558308,-0.0365177756632704,-0.0556690240000807,-0.137397660108131,0.198479158183279,0.0277506493578144,-0.0311222610940922
"PR30",0.475033466,-79.22911587,219,"P_Reg_I","F_PReg1",5.119048347,0.486464676,496.1370365,0.73723348,0.540498385,0.443373116,0.063958094,1.365423487,0,0,2,0,4,1,0,1,0,0,0,1,0,0,0,0,1,0,0,6,0,0,0,1,1,0,0,0,0,1,8,0,0,0,0,0,1,2,0,0,0,11,0,2,0,0,0,0,1,0,1,1,0,0,1,0,4,0,0,0,0,0,1,0,0,0,0,0,1,0,0,0,0,0,0,0,0,1,0,1,0,0,2,1,0,1,0,1,0,0,2,2,0,0,0,1,0,7,3,0,0,1,0,2,0,1,0,0,0,0,1,0,0,0,0,0,0,0,0,0,1,0,0,1,0,0,0,0,0,1,1,2,1,0,1,0,0,0,0,0,0,2,0,2,4,0,0,0,0,15,0,11,0,0,0,0,1,0,0,0,2,3,0,3,1,1,0,0,0,0,0,0,1,0,0,1,0,1,0,4,2,0,2,2,0,0,2,0,0,0,0,0,0,0,0,0,0,0,0,1,0,0,0,0,0,0,4,0,0,0,6,1,3,0,0,0,0,4,0,0,0,0,0,0,0,0,0,1,6,0,2,0,0,0,0,0,0,0,0,0,0,0,1,3,0,0,1,1,1,3,0,0,0,5,0,0,0,1,0,0,0,0,1,0,1,0,0,0,0,0,0,0,0,0,0,0,5,4,0,1,0,1,0,0,0,1,0,0,0,0,0,2,0,6,0,0,2,0,0,5,0,0,0,0,4,0,0,3,0,0,0,0,0,0,0,1,0,1,0,0,0,0,0,0,5,0,1,2,0,0,0,5,0,0,"greenyellow",0.107208895045072,0.0155184327331217,0.0979726820872913,0.00466218614032902,0.0777396982295986,-0.0155609940004455,0.0170982110641403,-2.09460801137417e-05,-0.0494972102499212,0.0564482450784474,-0.0871431487969121,0.0667512625704226,0.0678720042034499,0.0186715643480936,-0.140854087720469,0.245770874064416,-0.0840439357116165,-0.00248452064897341
"PR33",0.489268117,-79.22841179,311,"P_Reg_I","F_PReg1",5.2342496,0.400227812,418.6152372,0.780372033,0.40156259,0.459756756,0.081072234,1.37436899,0,0,0,1,1,4,0,1,0,0,0,0,0,0,0,0,1,0,0,0,0,0,0,0,3,0,0,0,0,0,2,0,0,0,0,0,2,10,0,0,0,0,1,0,0,1,0,0,2,0,1,0,0,0,0,0,0,0,1,0,0,0,3,0,0,0,0,0,0,0,0,1,0,1,0,0,0,2,1,0,0,0,0,1,2,0,0,1,1,1,0,1,0,0,0,0,0,0,0,0,0,0,1,0,0,2,0,0,0,0,1,0,0,0,0,4,0,1,0,0,0,1,0,0,0,0,0,0,0,0,2,0,1,0,0,0,0,0,0,0,0,0,0,1,0,0,2,0,0,4,0,2,0,0,5,0,2,0,0,0,2,7,0,0,0,0,0,2,0,0,0,0,0,0,0,0,0,0,0,2,0,3,0,13,0,0,0,0,0,0,0,0,0,0,0,1,0,2,0,1,0,0,2,2,0,0,3,0,0,0,4,0,2,0,0,0,0,0,0,1,1,0,0,0,1,0,0,0,1,0,1,0,0,0,0,0,1,0,2,0,0,0,0,8,6,0,20,0,0,0,0,0,2,6,8,0,0,0,0,0,0,0,0,0,0,1,0,0,0,4,0,5,1,0,0,0,1,1,0,4,1,2,0,2,3,0,0,1,0,0,2,1,0,1,3,1,0,0,0,3,0,0,4,1,1,0,2,0,0,0,0,0,0,0,0,0,0,2,2,0,0,1,0,1,1,1,0,1,0,0,2,4,0,0,"greenyellow",-0.0879609160127345,0.0493167265112674,-0.102373370762464,0.0372402430845696,-0.139510513024585,0.0474572971494516,-0.0191313432423467,0.00808461002456267,-0.0682174932800684,0.00606604787571734,-0.0902798148655859,-0.00543117970422294,-0.0702521833162347,0.0256599601641395,0.0474242669083112,0.272147389913462,-0.110802750282702,0.0490308328207921
"PR36",0.516520282,-79.1430608,380,"P_Reg_I","F_PReg1",5.194482195,0.436698554,128.0548173,0.612672352,0.494723495,0.440355937,0.061686301,0.897681052,0,0,0,0,0,0,0,4,0,0,0,0,1,0,0,0,1,0,0,0,0,0,0,0,2,0,0,0,0,1,0,0,0,0,1,0,4,3,0,0,0,0,0,0,0,0,0,0,4,0,0,0,0,0,3,0,0,0,0,0,0,0,2,0,0,0,0,0,0,0,0,0,0,0,0,0,0,1,0,0,0,1,2,1,2,2,0,1,1,0,0,0,5,0,0,1,0,2,0,0,0,0,1,0,0,2,0,0,0,0,5,0,0,0,0,0,0,1,0,0,1,1,0,0,5,0,0,0,0,0,6,1,0,0,0,0,0,0,0,0,0,0,0,4,0,0,0,0,0,1,0,2,0,0,0,0,0,0,0,0,4,9,0,0,0,0,0,0,0,0,0,0,0,0,0,1,0,0,0,1,0,0,4,0,0,0,1,0,1,0,0,0,0,0,0,0,0,0,0,0,3,0,0,2,0,0,4,0,0,0,0,0,0,0,0,0,0,2,0,2,0,0,0,0,0,0,0,0,18,0,0,0,0,0,0,0,1,0,0,0,0,1,0,8,0,0,1,0,0,0,0,0,0,3,6,0,0,0,0,0,0,0,0,0,0,0,0,0,0,0,0,0,0,0,0,0,2,1,0,2,3,0,2,0,1,0,0,0,0,0,0,0,0,0,1,0,1,0,0,8,0,0,0,1,2,0,0,0,1,0,4,0,5,0,0,0,0,0,0,0,0,0,0,0,2,0,0,0,0,2,1,4,0,0,"greenyellow",0.141237886415113,0.0721095132288358,0.160486323183869,0.0438090795306944,0.175257501607567,0.0265861306058991,0.0312742055052567,0.0193749140349675,0.0148964500051047,0.0512938902485474,0.00463559721963123,0.0489238969701786,0.10344605241607,0.100565839966806,-0.277150824802657,0.0307983489947065,-0.000591243085763298,0.0283297152552374
"PR21",0.508066043,-79.18989812,560,"P_Reg_II","F_PReg2",5.310674655,0.35758604,170.6067453,0.805106027,0.472383114,0.459464909,0.090557471,1.011728051,0,0,0,0,1,0,4,3,0,0,0,0,0,0,0,0,3,0,0,1,0,0,0,0,1,0,0,0,0,2,0,0,0,0,0,0,1,2,0,0,0,1,1,0,0,0,0,0,0,0,0,0,0,0,7,0,0,0,0,0,0,0,1,0,0,0,0,0,2,0,0,0,0,0,0,0,0,2,1,0,0,0,4,0,1,2,0,0,0,0,0,0,1,0,0,1,0,0,1,0,0,0,0,0,4,3,0,0,0,0,0,0,0,0,0,0,0,0,0,0,0,0,7,8,1,0,0,0,0,0,1,0,0,0,0,0,0,0,0,1,0,0,0,0,0,0,0,0,1,1,0,0,0,0,0,0,0,0,0,0,12,2,0,2,1,0,1,4,0,0,0,0,0,0,0,1,0,0,0,1,0,0,3,0,0,0,1,0,0,0,0,0,0,0,0,0,0,0,1,0,1,0,0,0,0,0,5,0,0,0,2,0,1,0,0,0,0,4,0,0,0,1,0,1,0,0,1,0,13,0,1,0,0,0,0,0,0,0,1,0,0,7,0,4,1,0,1,0,1,0,0,0,0,0,1,0,2,0,0,0,0,0,0,0,0,0,0,0,0,0,0,0,0,0,0,0,4,1,0,0,1,0,0,0,2,3,0,0,0,0,0,0,0,0,0,0,4,0,0,1,0,0,0,0,0,0,0,0,0,2,0,0,0,1,0,0,0,0,0,0,0,0,1,0,0,0,0,1,0,2,1,10,0,0,"chartreuse3",0.164596889470882,0.0206312870457366,0.183307485287213,0.025779322507105,0.202257619384018,0.0323681253540394,0.0295728373407405,0.00662247909471151,0.0275093141468409,0.0403469402242995,0.0236110554160099,0.0422591289295046,0.0972391010002613,0.0244870765943078,-0.35734223379395,0.0530873709107901,0.00978738630753045,0.0210676188378264
"PR21WUE",0.502809,-79.187005,563,"P_Reg_II","F_PReg2",5.309019469,0.362079797,155.2010581,0.796257382,0.503046678,0.447493755,0.099848421,0.885112847,0,0,0,0,2,0,4,4,0,0,0,0,0,1,0,0,0,0,0,0,0,0,0,0,0,0,0,0,0,0,0,0,0,0,0,0,3,1,0,0,0,0,0,9,0,0,0,0,2,0,0,0,0,0,12,0,2,0,0,0,0,0,1,0,0,0,0,0,0,0,0,0,0,0,0,0,0,1,0,0,0,0,0,0,0,0,0,0,0,0,0,0,3,0,0,0,0,2,0,0,0,0,2,0,5,3,0,0,0,0,1,0,0,0,0,0,0,0,0,0,0,3,7,0,0,0,0,0,0,0,4,0,6,2,0,0,0,0,0,0,0,0,0,2,0,0,0,0,0,0,0,0,0,0,0,0,0,0,0,0,1,2,0,0,1,0,1,0,0,0,0,0,0,0,0,0,0,0,0,2,0,0,0,0,0,0,0,0,0,1,0,0,0,0,0,0,0,0,0,0,0,0,0,0,0,0,2,0,0,0,1,0,1,0,0,0,0,1,0,0,0,0,0,0,0,0,2,0,4,0,0,0,0,0,0,0,0,0,0,4,0,0,0,5,4,0,2,0,0,0,0,0,0,0,1,0,13,0,0,0,1,0,0,0,0,0,0,0,0,0,0,0,0,0,0,0,2,3,0,0,0,0,0,0,0,2,0,0,0,0,0,0,0,0,0,1,2,0,0,2,0,0,0,1,0,0,0,0,0,3,5,0,0,1,0,0,0,0,1,0,0,0,0,0,3,0,0,0,0,0,0,4,0,0,"chartreuse3",0.214093956083333,0.196762278397673,0.220692598994297,0.209847975219494,0.220183843037267,0.246775952759853,0.0427890280850004,0.0368237230552453,0.0563001802428153,0.0849388193696909,0.0630268975722837,0.094609309137954,0.139446149041311,0.134249293839196,-0.204500851882466,-0.0551864120682753,0.0410190508912477,0.0214881955271472
"PR26",0.526453592,-79.20466318,325,"P_Reg_II","F_PReg2",5.265563665,0.39454812,143.8500584,0.736769903,0.422161729,0.435901848,0.057471947,0.476196677,2,0,0,0,2,0,0,3,0,0,0,0,0,0,0,0,6,0,0,1,1,0,0,2,4,0,0,0,0,3,0,0,0,0,2,0,0,0,0,0,0,11,1,0,9,0,0,0,0,0,0,6,0,0,0,0,0,0,0,0,0,0,7,0,0,0,0,0,0,0,0,0,0,0,0,0,0,1,1,0,0,0,2,3,0,0,0,0,3,0,0,0,1,0,0,2,0,0,0,0,0,0,3,0,4,1,0,0,1,0,0,0,0,0,0,0,0,0,0,0,0,8,0,2,0,0,0,0,0,0,1,0,1,3,0,0,0,0,0,0,0,0,0,0,0,1,0,0,0,1,0,19,0,0,0,0,1,0,0,0,4,5,0,0,9,0,0,3,0,0,0,0,0,0,0,0,0,0,0,0,0,0,0,0,0,0,2,0,0,0,0,0,0,0,0,0,0,0,0,0,0,0,0,0,0,0,2,0,0,0,2,0,1,2,0,0,0,1,0,0,0,0,0,0,0,0,0,0,12,0,0,0,0,0,0,0,0,0,0,0,0,1,25,11,4,1,2,0,1,0,0,0,0,0,1,0,0,0,0,0,1,0,0,0,0,0,0,0,0,0,0,0,0,0,0,0,2,3,0,1,0,1,0,0,0,0,2,0,0,0,0,0,0,0,3,0,3,0,0,4,0,0,0,0,0,0,0,0,1,1,2,0,0,2,0,0,0,2,0,0,0,0,0,1,2,0,0,0,0,1,2,1,0,0,"chartreuse3",0.126609590394879,0.172743570549007,0.112274272410689,0.207731318335551,0.0863579768671893,0.248164278856204,0.0234118644740065,0.033832374402546,-0.0501342547982513,0.0997864855549528,-0.0817774991633874,0.113538731286424,0.0806894181605114,0.106681469211888,-0.102992593128785,0.103272284101294,-0.0903996325472305,0.0332451931180063
"PR27",0.46173,-79.20934,214,"P_Reg_II","F_PReg2",5.185223319,0.439204894,130.7973412,0.593232654,0.444268884,0.440122062,0.087934613,0.558066716,0,0,0,0,1,0,2,5,0,0,0,0,0,0,0,0,6,0,0,0,0,0,1,1,2,0,0,0,0,4,2,0,0,0,0,0,4,1,0,0,0,0,0,0,0,0,0,0,3,0,0,0,0,0,0,0,0,0,0,0,0,0,5,0,0,0,0,0,0,0,0,0,0,0,0,0,0,3,0,0,0,0,0,0,1,0,0,0,0,0,0,0,0,0,0,2,0,0,0,0,0,0,0,1,0,0,0,0,0,0,0,0,0,0,0,0,0,0,0,0,0,3,0,5,0,0,0,0,0,0,1,2,0,1,0,0,0,0,0,0,0,0,0,1,1,0,0,0,0,8,0,5,0,0,0,0,0,0,0,0,2,7,0,1,0,0,0,0,0,0,0,0,0,0,0,0,0,0,0,3,0,0,0,0,0,0,0,0,0,0,0,0,0,0,0,0,0,0,3,0,0,0,0,1,0,0,6,0,0,0,19,0,5,0,0,0,5,3,0,0,0,0,6,2,0,0,0,0,12,0,0,0,0,0,0,0,1,0,1,0,0,0,12,17,4,0,1,1,0,1,0,0,0,7,0,0,0,0,0,0,0,0,0,0,0,0,0,0,0,0,0,0,0,0,0,0,10,0,0,0,0,0,0,0,2,0,0,0,0,0,1,0,0,2,0,0,0,0,0,5,0,0,1,3,0,0,0,1,4,0,0,0,0,2,0,0,0,10,0,0,0,0,0,0,1,0,0,0,0,1,7,1,0,0,"chartreuse3",0.104726792552824,0.175592396841283,0.0950443364062025,0.160952251555122,0.0888561981947104,0.148654096093519,0.0193185773820688,0.0460187207950945,-0.0484615867752242,0.0862228010033164,-0.0691693862332833,0.0811911218501016,0.0596367482113304,0.0989939141134862,-0.107514050949631,0.124134801736137,-0.0631126228853277,0.0426644131030007
"PR31",0.479071783,-79.21007127,316,"P_Reg_II","F_PReg2",5.282917291,0.380057292,107.8837022,0.700872512,0.48310586,0.435325875,0.053195171,0.764366319,0,0,1,0,0,2,0,0,0,0,0,0,0,0,0,0,4,0,0,0,0,0,0,0,3,0,0,0,0,1,0,0,0,0,0,0,2,9,1,0,0,0,0,0,0,0,0,0,0,0,0,0,0,0,0,0,2,0,0,0,0,0,4,0,0,0,0,0,0,0,0,0,0,0,0,0,0,4,1,0,0,0,0,0,0,0,0,0,0,0,0,0,0,0,0,0,0,0,0,0,0,0,1,0,4,5,0,0,0,0,0,0,0,0,0,0,0,0,0,0,0,0,0,3,3,1,0,1,0,0,0,0,0,0,1,0,0,0,0,1,0,1,0,1,1,2,0,0,0,2,1,5,0,0,0,0,0,0,0,0,1,7,0,0,0,1,1,6,0,3,0,0,0,0,0,0,0,0,0,3,0,4,2,0,0,0,0,0,0,0,0,0,0,0,0,0,1,0,0,0,0,0,0,0,0,0,1,0,0,0,1,0,2,0,0,0,2,4,0,0,0,0,0,0,0,0,0,0,14,0,0,0,0,0,0,0,0,0,0,0,0,2,2,4,1,0,1,0,0,0,0,0,0,1,1,0,0,0,0,0,0,0,0,0,0,0,0,0,0,0,0,0,0,0,0,0,14,2,0,1,0,0,0,0,0,0,0,0,0,0,0,0,0,1,0,0,1,0,0,1,0,0,0,0,0,0,0,0,0,1,4,0,1,0,0,0,0,0,0,0,0,0,0,0,0,0,0,0,0,2,0,11,0,0,"chartreuse3",0.0928452248747315,-0.038104490450609,0.10669477715215,-0.0390861218522321,0.12811057226185,-0.0260743416054057,0.0198173504338764,0.00503621402173237,0.0285656237629422,0.0194888523954654,0.0261997430919126,0.0271542716784607,0.0573723402805677,-0.0365992506841673,-0.27799683854635,0.0815483415351398,0.0259018541081451,0.0153731922655234
"PR32",0.479219975,-79.21736,339,"P_Reg_II","F_PReg2",5.247150708,0.403766847,218.3541984,0.754169282,0.378506722,0.439967843,0.092944656,0.419608755,0,0,0,0,0,0,0,1,0,0,0,0,0,0,0,0,0,0,0,0,0,0,0,1,0,0,0,0,0,0,0,0,0,0,0,0,1,2,0,0,0,1,0,0,0,0,0,0,4,0,0,0,0,0,0,0,0,0,1,0,0,0,1,0,0,0,0,0,0,0,0,0,0,0,0,0,1,4,0,0,0,0,0,2,0,0,0,1,0,0,0,0,0,0,0,2,0,0,0,0,0,0,1,0,0,3,0,0,0,0,0,0,0,0,0,0,0,0,0,0,0,0,0,1,1,0,0,0,0,0,2,0,4,0,0,0,0,0,0,0,0,1,0,1,5,0,1,0,0,6,1,22,0,0,0,0,0,0,0,0,1,4,0,1,0,0,0,2,0,0,0,0,0,1,0,1,0,0,0,1,0,0,2,0,0,0,2,0,0,0,0,0,1,0,0,0,0,0,0,0,0,0,0,0,0,0,5,0,0,0,5,0,1,0,0,0,0,2,0,0,0,1,1,0,0,0,0,0,8,0,0,0,0,0,0,0,0,0,0,2,0,2,0,6,1,0,3,0,0,5,0,0,0,5,7,0,1,0,0,0,0,0,0,0,0,0,0,0,0,0,0,0,0,0,0,0,6,2,0,0,0,0,0,0,0,0,0,0,0,0,0,0,0,12,0,0,3,0,0,4,0,0,0,0,0,0,0,0,1,0,0,0,1,0,0,0,0,0,0,0,0,0,0,0,0,0,0,0,1,0,1,1,0,0,"chartreuse3",0.135986158701663,-0.00422822656677646,0.118250124472106,-0.0097579763309391,0.0919729268772317,-0.0512402062371986,0.0260764066006216,-0.00284490712224531,0.0211246560347261,0.0285321956448157,0.014448951473229,0.0268172605034809,0.0805318692095144,-0.00629415046732998,-0.321620886225508,0.0971353350598735,0.0259356246145945,-0.000948935327174207
"PR34",0.49351112,-79.13792672,615,"P_Reg_II","F_PReg2",5.254484936,0.389312054,405.5947092,0.876437233,0.412576848,0.455890945,0.061061988,0.785205853,0,0,0,0,2,0,0,0,0,0,0,0,0,0,0,0,0,0,0,0,0,0,0,0,0,0,0,0,0,2,0,0,0,0,0,0,6,1,0,0,0,0,0,2,0,0,0,0,0,0,0,0,0,0,8,0,2,0,0,0,0,0,0,0,0,0,0,0,0,0,0,0,1,0,0,0,0,0,0,1,0,3,0,0,0,0,0,1,0,0,0,0,1,0,0,0,0,2,1,0,0,0,1,0,0,5,0,0,0,0,4,0,0,0,0,0,0,0,0,0,1,0,6,2,0,0,0,0,0,0,3,0,0,0,0,0,0,0,0,0,0,0,0,0,0,0,0,0,0,0,0,0,0,0,0,0,0,0,0,0,5,2,0,0,0,0,0,0,0,0,0,0,0,0,0,0,0,0,0,2,0,0,1,1,0,0,2,1,0,0,0,0,0,0,0,0,0,0,0,1,0,0,0,0,0,0,5,0,0,0,1,0,1,0,0,0,0,6,0,0,0,0,0,0,0,0,0,0,9,0,0,0,0,0,0,0,1,0,0,0,0,0,1,0,1,0,1,0,1,3,0,0,0,1,0,0,0,0,0,0,0,0,2,0,0,0,0,0,0,0,0,0,0,0,0,0,3,0,0,1,1,0,0,0,1,1,1,0,0,0,0,0,1,0,0,0,0,0,0,0,0,0,0,2,1,0,0,0,0,1,1,0,1,0,1,1,0,0,0,0,0,0,1,0,0,0,0,1,0,6,0,0,0,0,"chartreuse3",0.241225981437373,-0.0695374978067174,0.266937126344287,-0.0670705060409775,0.289065566916013,-0.0568232187154693,0.0453985207474919,-0.00921850763713684,0.106635627455353,0.0198681939175799,0.125678925561876,0.0229335662861815,0.182812614838792,-0.0511796553296314,-0.250245796644301,-0.207445987171786,0.107060058734197,0.0213290530636554
"PAZ03",0.405142,-79.253342,180,"PA_M","A_Past",5.25419005,0.408528501,547.0252381,0.866652716,0.467506143,0.472553976,0.08450551,1.683733259,0,0,0,0,0,5,0,0,0,0,0,0,0,0,0,0,0,0,1,0,0,0,0,0,0,0,0,1,0,0,0,0,11,0,0,0,0,1,0,0,0,0,0,0,0,0,0,0,0,0,0,0,0,0,0,2,0,0,0,4,0,0,5,0,0,0,0,0,2,0,0,0,0,2,0,0,0,1,0,0,2,0,0,0,0,0,0,2,0,1,2,0,0,9,0,0,0,0,0,0,0,0,6,0,0,0,0,0,0,0,0,0,2,0,0,0,0,1,0,0,0,0,0,0,0,0,0,0,0,0,0,1,0,0,0,0,0,0,1,11,6,0,0,0,2,7,5,0,0,4,0,3,0,0,8,0,1,0,0,0,0,0,0,0,0,0,0,0,0,0,0,0,0,0,1,0,0,0,2,0,0,0,0,10,5,5,0,0,0,0,0,0,0,0,0,0,0,0,0,0,0,1,0,2,0,0,6,1,0,1,0,0,5,0,0,0,0,0,6,0,0,0,0,0,0,0,0,0,0,4,0,0,0,0,0,0,0,0,1,0,1,0,2,0,0,0,5,0,0,0,0,6,0,3,5,0,0,0,0,0,0,0,0,0,0,0,0,0,0,6,0,0,0,11,0,0,0,0,0,1,0,0,0,0,0,0,0,4,0,0,0,0,0,0,3,3,0,0,0,0,0,2,21,0,0,0,4,1,4,0,0,0,0,0,0,2,0,8,8,0,0,0,0,1,0,4,0,0,0,0,0,4,0,0,"orange",-0.410326158475808,-0.039859589200927,-0.402560112636537,-0.0478127776128738,-0.406245497072197,-0.036964341365314,-0.0907982715212624,-0.0207244012152565,-0.14379663648709,-0.0760559979641445,-0.155832980877524,-0.0772946944243612,-0.281302029077347,-0.0512035387712815,0.415217313250722,0.0682982677789467,-0.152753987510632,-0.0596569533024578
"PAZ07",0.390332,-79.254313,172,"PA_M","A_Past",5.173666927,0.455886048,432.3686482,0.749180385,0.445520609,0.504914712,0.066874917,1.191071429,0,0,1,0,0,11,0,0,0,0,0,0,0,0,0,0,0,0,0,0,0,0,0,0,0,0,0,1,0,0,0,0,6,0,0,0,0,0,0,1,0,0,0,0,0,0,0,0,0,0,0,0,0,0,0,1,0,0,0,4,0,0,4,1,0,1,0,0,1,0,0,0,0,0,0,0,0,1,0,0,0,0,0,0,0,0,2,0,0,8,0,0,0,10,0,0,0,0,0,0,0,0,2,0,0,0,0,0,0,2,0,1,6,0,1,12,0,1,0,1,0,0,0,0,0,0,0,1,0,0,0,1,0,0,0,0,0,0,0,4,3,0,0,0,2,2,5,0,0,1,0,0,0,1,3,0,1,0,0,0,0,0,0,0,0,0,0,0,1,0,0,0,0,0,0,0,0,1,2,0,0,0,0,8,0,4,0,0,0,0,0,0,0,0,0,1,0,0,0,0,0,1,0,2,0,0,0,0,0,3,0,0,5,0,0,0,0,0,10,1,0,0,1,0,0,0,0,0,0,2,0,0,0,1,0,0,0,0,2,0,0,0,0,0,0,0,3,0,0,0,0,1,0,0,6,0,0,0,0,0,0,0,0,0,0,0,0,0,0,6,0,5,1,4,0,5,0,0,0,0,0,0,0,0,0,0,0,6,0,0,0,0,0,2,4,3,0,0,0,0,0,0,8,0,0,0,7,0,0,0,0,0,0,0,0,1,0,7,8,0,0,0,0,1,0,2,0,0,0,0,0,2,0,0,"orange",-0.463732562587985,-0.0447645241102123,-0.465281012963324,-0.0465408628488786,-0.464640790525566,-0.0520653033188741,-0.0968325578428187,-0.0278232363767661,-0.111072770499108,-0.112433307674581,-0.103494382453056,-0.11030889469985,-0.314920583206491,-0.0506993963667893,0.373056170597546,0.0606382818989299,-0.0933698564633036,-0.0412638108594276
"PAZ11",0.427912,-79.236187,166,"PA_M","A_Past",5.221044186,0.430392916,370.1661,0.788941883,0.426864529,0.463887666,0.048612294,1.025868056,0,0,0,0,0,9,0,0,0,0,0,0,0,0,0,0,0,0,0,6,0,0,0,0,0,0,0,0,0,0,0,0,10,0,0,0,1,1,0,0,0,0,0,0,0,0,0,0,0,0,0,0,0,0,0,0,0,0,0,11,0,0,9,0,0,0,0,0,1,0,0,0,0,0,0,0,0,2,0,0,0,0,0,0,3,0,1,5,0,0,0,0,0,2,0,0,0,5,0,0,1,0,8,0,0,0,0,0,0,1,0,0,0,4,0,2,0,0,0,0,0,0,0,0,0,0,0,0,0,0,0,1,0,0,0,0,0,0,0,0,11,0,1,0,0,3,3,0,0,7,0,3,0,0,1,0,0,0,0,0,0,0,0,0,0,0,0,0,0,0,0,0,0,0,1,0,0,0,1,0,0,6,0,10,1,3,0,0,0,0,0,0,0,0,0,0,0,1,0,0,0,0,0,6,1,0,6,0,0,4,0,0,7,0,0,0,0,1,11,0,0,1,0,0,6,0,0,0,0,7,0,0,0,0,0,2,0,0,0,0,0,1,0,1,0,0,1,0,0,0,0,2,0,0,3,0,0,0,0,0,0,0,0,0,2,0,0,0,0,6,0,6,0,7,0,0,0,0,0,1,0,0,0,0,3,0,0,1,0,0,0,0,0,1,6,1,0,0,0,0,0,1,9,0,0,0,3,0,5,0,0,0,0,0,0,6,0,21,7,3,0,0,0,3,0,1,0,0,0,0,2,13,0,0,"orange",-0.366471685549667,-0.0672621947726718,-0.364582360444002,-0.0558003622838215,-0.35158861525231,-0.0504659790646817,-0.0838127776863947,-0.0308341776305436,-0.164257002598758,-0.060021057451096,-0.191081760299504,-0.0554251176231542,-0.241882196888939,-0.0419828661305102,0.396398455156629,0.097429717512456,-0.185546749138459,-0.0425063057423786
"PAZ15",0.405708,-79.265578,160,"PA_M","A_Past",5.085258599,0.452394,297.627718,0.498187837,0.296238742,0.461997954,0.121789567,1.300034102,0,0,2,0,0,10,0,0,0,0,0,0,0,0,0,0,0,0,3,1,1,0,0,0,6,0,0,0,0,0,2,0,18,0,0,1,0,1,0,0,0,0,0,0,0,2,0,0,0,0,0,0,0,0,0,0,0,0,0,4,1,0,8,0,1,0,0,1,0,0,0,0,0,0,0,0,0,2,0,0,1,0,0,0,1,0,2,0,0,1,1,0,0,9,0,0,0,0,0,0,0,0,9,0,0,0,0,0,0,1,0,0,2,3,0,0,0,0,0,2,0,0,0,0,0,0,0,0,0,0,0,1,0,0,0,0,0,0,2,1,10,0,0,0,2,5,10,0,0,5,0,4,0,1,1,0,7,0,0,0,0,0,0,0,0,0,0,0,3,0,0,1,0,0,0,0,0,0,2,0,0,0,0,14,3,6,0,0,1,0,0,0,0,0,0,0,0,0,0,0,2,0,0,3,1,0,0,0,0,7,0,0,4,0,0,0,0,0,17,0,0,0,1,0,1,0,0,0,5,4,0,0,0,0,0,0,0,0,1,0,0,0,4,0,1,0,15,0,0,0,0,1,0,1,12,0,0,0,0,0,0,0,0,0,0,0,0,1,0,5,0,3,0,14,0,1,0,0,0,1,0,0,0,0,1,0,0,0,2,0,1,0,0,2,8,7,0,1,0,0,0,1,19,0,0,0,19,5,1,0,0,0,0,0,0,4,0,14,26,0,0,0,0,1,0,1,0,0,0,0,8,3,0,0,"orange",-0.366891111114086,-0.0109060355636628,-0.387721629330005,0.0043798897107731,-0.405843198913132,0.0187625381576619,-0.0890672915353796,-0.00423611560552501,-0.230314169695955,-0.0275754477544623,-0.278697921228576,-0.0342643944062749,-0.235557839795758,-0.0122045969633065,0.489448040625742,0.0702523627183251,-0.272832961819815,-0.03310998698207
"PAZ18",0.417119,-79.216108,173,"PA_M","A_Past",5.198061601,0.437769643,427.0157712,0.759046282,0.423620795,0.476169627,0.050998291,1.008878968,0,0,0,0,0,13,0,0,0,0,0,0,0,0,0,0,0,0,3,0,0,0,0,0,0,0,0,0,0,0,0,0,14,0,2,0,0,1,0,0,0,0,0,0,0,1,0,0,0,0,0,0,0,0,0,0,0,0,0,0,0,0,9,2,0,0,0,0,1,0,0,1,0,3,0,0,0,4,0,0,0,0,0,0,0,0,0,0,0,10,0,0,0,12,0,0,0,0,0,0,0,0,7,0,1,0,0,0,0,10,0,2,14,0,0,0,0,0,0,1,0,0,0,0,0,0,0,0,0,0,0,1,0,0,0,1,1,0,1,0,3,0,0,0,5,6,8,0,0,3,0,0,0,2,5,0,1,0,0,0,0,0,0,0,0,0,0,0,3,0,0,0,0,0,0,0,0,0,2,0,0,4,0,24,1,8,0,0,5,0,0,0,0,0,0,0,0,1,0,0,0,0,0,1,0,0,1,0,0,6,0,0,4,0,0,0,0,0,3,0,0,0,0,0,0,0,0,0,0,4,0,1,0,4,0,0,0,0,8,0,0,0,0,0,0,0,16,0,0,0,0,3,0,0,14,0,0,0,0,0,0,0,0,0,0,1,0,0,0,9,0,3,4,7,0,1,0,0,0,3,0,1,0,0,2,0,0,2,1,0,1,0,0,1,11,8,0,0,0,0,0,0,19,0,0,0,20,0,1,0,0,0,0,0,0,10,0,7,23,1,4,0,0,1,0,5,0,0,0,0,0,0,0,0,"orange",-0.486391006420871,0.0130932603844345,-0.487893281467704,0.0173813420373206,-0.492976364919638,0.0282069580500259,-0.122099278425055,-0.00404424238638554,-0.251312562977746,-0.0730020593106202,-0.288470968751252,-0.07364084807602,-0.326406899545503,0.00665602566637775,0.551895666938259,-9.6593585673207e-05,-0.280873552534919,-0.00677658644067435
"APN1",0.557148,-79.183566,128,"Pasture","F_Past",5.211031432,0.433954051,229.8510095,0.709738595,0.405982081,0.47026721,0.102965217,1.385432168,0,0,0,0,0,1,0,0,1,0,0,0,0,0,0,0,0,0,2,1,0,0,0,0,0,0,0,0,0,2,0,0,7,0,0,0,0,1,0,0,0,0,0,0,0,1,0,0,0,0,0,0,0,0,0,0,0,0,0,0,0,0,4,0,0,0,0,0,0,0,0,0,0,7,0,0,0,9,1,0,0,0,0,0,1,0,0,0,0,2,2,0,0,2,0,0,0,0,0,0,0,0,11,0,1,0,0,0,0,3,0,1,6,0,0,4,0,0,0,0,0,0,0,0,0,0,0,0,0,0,0,0,0,0,0,0,0,0,0,1,5,0,0,0,0,8,0,0,0,0,0,2,0,0,3,0,9,0,0,0,0,0,0,0,0,0,0,0,4,0,0,2,0,0,0,0,0,0,0,3,0,0,0,20,10,4,0,0,0,0,0,0,0,0,0,0,0,3,1,0,0,0,0,0,0,0,0,0,0,2,2,0,1,0,0,0,0,0,0,0,0,0,0,0,1,0,0,0,1,5,0,0,0,0,0,0,0,0,11,0,0,0,0,6,4,0,11,0,0,0,0,0,1,0,3,0,0,0,0,0,0,0,0,0,0,0,0,0,0,11,0,9,5,21,0,1,0,0,0,1,0,0,0,0,4,0,0,0,0,0,0,0,0,1,19,10,0,0,0,0,0,0,12,0,0,0,16,0,1,0,0,0,0,0,0,7,0,23,8,0,0,0,0,0,0,20,0,0,0,0,0,1,0,0,"yellow",-0.412298555636208,0.0844880535779009,-0.423371227643349,0.0944388030125465,-0.428254870634529,0.107772471307595,-0.111087804934735,0.0262482936651608,-0.236978839493261,-0.0517702226800553,-0.261465329954693,-0.0662358381582374,-0.266971813501511,0.0587135521437082,0.491770540171654,0.0379289677982846,-0.254086624325903,0.0270127367926622
"APN2",0.551181,-79.194413,151,"Pasture","F_Past",5.276300433,0.381185321,205.5426073,0.779247466,0.480129297,0.455847937,0.114967093,1.58500744,0,0,0,0,0,3,0,1,0,0,0,0,0,0,0,0,0,0,2,9,0,0,0,0,0,0,0,0,0,2,0,0,2,0,2,0,0,2,0,0,0,0,0,0,0,1,0,0,0,0,0,0,0,0,0,0,0,0,0,2,0,0,16,1,0,5,0,0,0,0,0,0,0,4,0,0,0,9,0,0,0,0,0,0,0,0,0,0,0,3,1,0,0,3,0,0,0,0,0,0,0,0,7,0,0,0,0,0,0,6,0,2,3,2,0,9,0,0,0,1,0,0,0,0,0,0,0,0,0,0,0,3,0,0,0,0,0,0,1,6,4,0,0,0,0,3,0,0,0,0,0,1,0,0,1,0,8,0,0,0,0,0,0,0,0,0,0,0,0,0,0,0,0,0,0,0,0,0,2,0,0,0,0,23,16,4,0,0,4,0,0,0,0,0,0,0,0,0,6,0,0,0,0,3,0,0,0,0,0,0,0,0,10,0,0,0,0,0,3,0,0,1,1,0,1,0,0,0,0,0,0,0,0,0,0,0,0,0,9,0,0,2,0,6,0,0,13,0,0,0,0,1,0,1,6,0,0,0,0,0,0,0,0,0,0,0,0,0,0,6,0,12,0,17,0,2,0,0,1,1,0,0,0,0,0,0,0,0,11,0,1,0,0,1,7,7,0,0,0,0,0,0,23,0,0,0,14,0,0,0,0,0,0,0,0,2,0,12,7,0,0,2,1,0,0,5,0,0,0,0,1,0,0,0,"yellow",-0.432455802658152,0.0885518809688375,-0.435889228714372,0.0842520877211668,-0.435130401573846,0.0961258436692944,-0.104987717682062,0.0233700136587478,-0.228859305449438,-0.0377579933859194,-0.263487610368838,-0.0462869012938498,-0.274400456883849,0.0737790690378102,0.485173103666136,0.0640077570186473,-0.24245278449275,-0.00375414327122853
"APW2",0.557169,-79.183546,128,"Pasture","F_Past",5.200398337,0.443247355,124.9219099,0.582747686,0.359663212,0.437123723,0.139184631,0.738414559,0,0,0,0,1,2,1,2,1,0,0,0,0,0,0,0,0,0,3,0,0,0,1,0,6,0,0,0,0,2,0,0,1,0,0,4,0,12,2,0,0,0,8,0,0,2,0,0,1,0,0,0,0,0,0,0,0,0,0,0,0,0,11,2,16,0,0,0,0,0,0,0,0,0,0,0,0,15,4,0,0,0,0,3,1,0,1,3,0,0,0,0,0,0,0,0,0,0,0,2,0,0,2,0,6,0,0,1,1,0,8,0,0,1,0,0,0,2,1,0,0,1,0,0,0,0,1,0,0,0,3,4,0,5,0,0,0,0,1,0,5,0,0,0,9,5,0,0,0,3,0,0,0,0,1,0,10,0,0,0,0,4,0,1,1,0,0,0,0,0,0,0,0,0,0,2,0,1,0,4,0,0,1,2,0,0,0,0,0,0,0,0,0,1,0,0,0,1,4,0,1,4,0,5,0,0,4,0,0,0,3,0,6,0,0,0,0,2,0,0,0,0,1,0,0,0,0,0,10,0,0,0,0,0,1,0,1,0,0,0,0,0,0,2,3,0,6,0,0,0,0,0,0,4,4,0,0,0,0,0,0,0,0,0,0,0,0,0,0,0,0,0,0,0,0,0,0,0,0,7,0,4,2,0,8,0,4,0,0,0,0,0,0,4,6,4,1,0,1,0,0,3,1,2,0,0,0,2,2,2,0,0,2,0,0,2,0,13,0,0,0,0,0,0,1,0,0,0,0,1,6,6,0,0,"yellow",-0.109532175627145,0.189061343764567,-0.11643114843,0.167006115261056,-0.117493203295911,0.146886479298149,-0.0174881298558551,0.0404241193314898,-0.146550122009932,0.0690273482990831,-0.187327158958499,0.0579195363755869,-0.067491829353112,0.145033639314059,0.213925906862199,0.168821158863199,-0.178508702237941,0.0322285876308257
"PA53",0.495852018,-79.20737699,510,"Pasture","F_Past",5.288283459,0.38367321,554.2072395,0.901024228,0.43840968,0.449616973,0.091867739,1.430905878,0,0,0,0,0,0,1,6,0,0,0,0,0,0,0,0,0,0,0,0,0,0,0,0,0,0,0,0,0,1,1,0,1,0,0,0,6,9,0,0,0,0,1,0,0,0,0,0,2,0,0,0,0,0,7,0,0,0,0,0,0,0,2,0,1,0,0,0,15,0,0,0,0,0,1,0,0,5,0,1,0,0,0,0,4,0,0,0,0,0,0,0,0,0,0,0,0,5,1,0,0,0,1,0,1,2,0,0,0,0,1,0,0,0,0,0,0,0,0,0,0,0,10,0,2,0,0,0,0,0,1,0,0,0,0,0,0,0,0,1,0,0,0,0,2,0,0,0,0,4,0,2,0,0,0,0,0,0,1,0,0,2,0,1,0,0,2,0,0,0,0,4,0,0,0,0,0,0,0,4,0,0,0,1,0,0,0,0,0,0,0,0,0,0,0,1,0,0,4,0,2,1,0,2,0,0,1,0,0,0,1,0,0,0,0,0,0,7,0,0,0,0,0,3,0,0,0,0,1,0,0,0,0,0,0,0,1,0,1,1,0,0,0,11,9,0,4,0,1,3,0,0,0,5,2,0,0,0,2,1,1,0,0,0,0,2,0,0,0,0,0,2,1,0,0,0,0,0,0,2,0,0,0,0,1,0,1,0,1,0,0,0,0,1,5,1,1,0,0,2,0,1,0,4,0,0,1,0,0,0,1,0,0,0,0,0,0,0,2,0,0,0,0,0,1,0,0,0,0,0,0,7,0,0,"yellow",-0.00785828905582947,0.0328732664931815,-0.000566835283228362,0.0569064058687024,0.00414510655717945,0.138499248184448,-0.00206395675640696,0.00730202749374711,-0.017450550018062,0.0194489178763395,-0.0155854852125827,0.0104237274965772,-0.0051526033459364,0.0429036972961,-0.103105979278988,0.211739167489044,-0.0444270440834547,-0.00247666168239965
"PA54",0.53693,-79.18835,207,"Pasture","F_Past",5.2011244,0.441549868,205.2929995,0.649306524,0.371340712,0.469940536,0.118025672,1.067801339,0,0,0,0,0,0,0,3,0,0,0,0,0,0,0,0,0,1,0,2,0,0,0,0,0,0,0,0,0,1,1,0,6,1,5,0,0,1,0,0,0,0,1,0,0,0,0,0,0,0,0,0,0,0,0,0,0,0,0,0,0,0,11,1,5,0,0,2,2,0,0,0,0,0,0,0,0,7,0,0,0,0,0,0,0,0,0,0,0,1,0,1,0,1,0,0,0,0,1,0,0,0,8,0,2,0,0,0,1,0,0,0,2,0,0,2,0,0,0,0,0,0,0,0,0,0,0,0,0,1,0,0,0,0,0,0,0,0,0,1,6,0,0,0,3,11,0,0,0,0,0,0,0,0,3,0,3,0,0,0,0,0,0,0,0,0,0,0,0,0,0,1,0,0,0,0,0,1,0,1,0,0,0,19,22,6,0,0,1,0,0,0,0,0,0,0,0,0,2,0,2,1,0,7,0,1,5,0,0,0,1,0,9,0,0,0,0,0,14,0,0,0,0,0,1,0,0,0,0,3,0,0,0,0,3,0,0,0,0,0,0,1,0,4,0,0,7,0,0,0,0,0,0,0,4,0,0,0,0,0,0,0,0,0,0,0,0,0,0,1,0,4,1,4,0,1,0,0,0,3,0,0,0,0,0,0,0,3,1,0,1,0,0,0,3,1,0,0,0,0,0,0,19,2,0,0,18,0,0,0,0,0,0,0,0,4,0,26,9,0,0,1,0,0,0,0,0,0,0,0,1,4,0,1,"yellow",-0.334269641733736,0.0237577594239037,-0.36375400983608,0.0397330432123318,-0.401753054270755,0.0729319501324885,-0.0757486795419165,0.00461053933416131,-0.189782806805062,-0.0328367016664836,-0.236364356029568,-0.0446901371367307,-0.211035156041639,0.024051199864686,0.418927906443366,0.116358676771865,-0.215804512840838,-0.0564505849432403
"PA55",0.497629149,-79.22451722,350,"Pasture","F_Past",5.287517393,0.379253477,489.0571614,0.888916016,0.426194605,0.440595985,0.10590052,1.23125,0,0,1,0,0,0,1,2,0,0,0,0,0,0,0,0,0,0,0,0,0,0,0,0,1,0,0,0,0,0,0,0,1,0,0,0,1,5,0,0,0,0,1,0,0,0,0,0,0,0,0,0,0,0,0,0,1,0,0,0,0,0,2,0,1,0,2,1,5,0,0,0,0,0,0,0,0,2,0,0,0,0,0,0,1,0,0,0,0,1,0,0,0,0,0,1,0,1,1,0,0,0,2,0,0,0,0,0,0,0,0,0,0,0,0,0,0,0,0,0,0,0,0,0,4,0,0,0,0,0,0,0,1,1,0,0,0,0,0,0,0,0,0,0,0,0,0,0,0,9,0,2,0,0,6,0,8,0,0,0,1,3,0,0,0,0,0,0,0,0,0,1,0,0,0,0,0,0,0,0,0,5,0,6,0,0,0,0,2,0,0,0,0,0,0,0,0,1,0,0,2,0,0,2,0,0,4,1,0,0,4,0,1,0,0,0,0,2,3,0,0,0,0,1,0,0,0,0,11,1,1,0,0,0,0,0,0,0,2,0,0,0,0,4,4,0,4,0,1,2,0,0,0,3,2,0,0,0,0,0,0,0,0,1,0,1,0,0,0,3,0,2,0,3,0,2,0,1,0,0,0,0,0,1,0,1,0,0,0,0,0,0,0,2,4,2,1,0,0,5,0,0,2,1,0,0,3,2,0,0,0,0,3,0,0,1,0,3,1,0,0,0,2,0,0,1,0,0,0,0,0,7,1,0,"yellow",-0.118247870346141,0.0109135087047336,-0.088251413680588,0.0084149889663899,-0.0509959347313648,-0.00708216473875443,-0.0261357146600453,0.00780875199333802,-0.0254725918489626,-0.0110488883082071,-0.0223485616473406,-0.00320948680072389,-0.0564786868925328,0.0314543852047917,-0.148043904862677,0.309432065511185,-0.021832919950328,-0.00765648309578479
"PA56",0.511023,-79.228523,430,"Pasture","F_Past",5.250663342,0.408564678,499.641002,0.857660203,0.45446327,0.470706217,0.084854179,1.633956473,0,0,0,0,0,4,1,0,0,0,0,0,0,0,0,0,0,0,0,0,0,0,0,0,0,0,0,0,0,0,1,0,6,0,2,0,3,15,0,0,0,5,0,0,0,1,0,0,1,0,0,0,1,0,0,0,0,0,0,0,0,0,4,0,1,0,0,0,9,0,0,0,0,1,0,0,0,3,0,1,0,0,0,0,3,0,0,0,0,1,0,0,0,2,0,0,0,2,0,0,0,0,4,0,0,0,0,0,0,0,0,0,0,0,0,1,0,0,0,0,1,1,0,0,1,0,0,0,0,0,1,0,0,0,0,0,0,0,0,5,0,0,0,1,0,2,3,0,0,7,0,2,0,0,1,0,0,0,0,0,0,6,0,1,0,0,0,0,0,0,0,7,0,0,0,0,0,0,0,0,0,0,1,10,0,3,0,0,6,0,0,0,0,0,0,0,0,0,0,0,0,0,0,0,0,0,0,0,0,0,1,0,4,0,0,1,0,1,1,0,0,1,1,1,0,0,0,0,5,1,0,0,0,1,0,0,0,0,4,0,0,0,0,2,4,0,11,0,0,1,0,3,0,2,7,0,0,0,0,0,0,0,1,1,0,0,0,0,1,0,0,6,2,2,1,0,0,0,0,1,0,0,0,0,0,0,0,0,0,0,2,0,0,1,5,1,0,0,0,2,0,0,8,0,0,0,4,0,0,0,1,0,0,0,0,1,1,10,5,1,0,0,2,0,1,0,0,0,0,0,1,3,1,0,"yellow",-0.189019450514252,-0.0216811472361853,-0.199235855256277,-0.00820240259563288,-0.196616987874623,0.000495772649108552,-0.041780575723894,-0.00336677790104777,-0.0887089851022072,-0.0230033236389106,-0.105119007121475,-0.0210470824304214,-0.120011259129773,-0.0130671469534312,0.145088232248339,0.329644492510361,-0.119196317098962,-0.0127267655959215
"PA57",0.511013,-79.20914,375,"Pasture","F_Past",5.276967531,0.387976899,136.2558721,0.698115758,0.399126502,0.449686818,0.068223331,1.545045883,0,0,1,0,0,2,2,0,0,0,0,0,0,0,0,0,5,0,2,1,0,0,0,0,1,0,0,0,0,1,0,0,0,0,0,5,0,10,0,0,0,0,1,0,0,10,0,0,0,0,0,0,0,0,0,0,2,0,0,0,0,0,11,0,0,0,0,0,1,0,0,0,0,1,0,0,0,4,1,1,0,0,0,1,1,0,0,2,1,0,0,1,0,0,0,2,0,0,0,0,0,0,2,0,0,0,0,0,0,0,0,0,2,0,0,3,0,0,0,0,0,1,0,0,0,0,0,0,0,0,0,0,3,1,0,0,0,0,0,3,9,0,0,0,0,1,0,0,0,5,0,1,0,0,7,0,5,0,0,0,0,1,0,0,0,0,1,7,0,0,0,2,0,1,0,2,0,2,0,2,0,7,1,7,0,6,0,0,5,0,0,0,0,0,0,0,0,1,3,0,2,0,0,4,0,0,4,0,0,0,5,0,5,0,0,0,0,0,2,0,0,0,0,1,0,0,0,0,13,0,0,0,0,0,0,0,0,1,8,0,0,5,0,3,1,0,21,0,0,0,0,0,0,5,4,0,0,0,0,0,1,0,0,0,0,0,0,0,0,0,0,1,0,1,0,0,0,0,0,2,0,0,0,0,0,0,1,0,0,0,2,0,0,0,9,4,0,0,0,0,0,0,10,0,0,0,13,1,3,0,1,0,0,0,0,1,0,3,0,0,0,0,1,0,0,11,0,0,1,1,1,4,0,0,"yellow",-0.19467925958896,0.0912000598647889,-0.207876886834598,0.0871520902762248,-0.20994683881508,0.0762799893085631,-0.0522220478006247,0.0258601279564199,-0.154054667789353,0.0156845685206561,-0.184589648147729,0.0101746330864784,-0.114603477055354,0.0689952671245535,0.256545636285079,0.221169983893028,-0.194824039023327,0.0285358975770278
"PA58",0.543056,-79.153322,243,"Pasture","F_Past",5.139171504,0.471175208,153.7126313,0.530861991,0.410564912,0.450750342,0.140691198,0.834920635,0,0,0,0,1,1,0,2,0,0,0,0,0,0,0,0,0,0,4,9,0,0,0,0,5,0,0,1,1,0,4,0,9,0,2,4,0,2,0,0,0,0,1,0,0,0,0,0,0,0,0,0,0,0,0,0,0,0,0,0,0,0,9,0,2,0,0,0,4,0,0,0,0,5,0,0,1,7,0,0,0,0,0,0,1,0,0,0,0,0,0,0,0,0,0,0,0,1,0,0,0,0,2,0,5,0,0,0,0,3,0,0,0,0,0,1,0,0,0,0,0,0,0,0,0,0,0,0,0,0,0,0,0,1,0,0,0,0,0,0,5,0,1,0,0,0,0,0,0,2,0,3,0,0,4,0,7,0,0,0,0,2,0,0,0,0,0,0,1,0,0,2,0,0,0,1,0,0,0,3,0,3,0,10,3,4,0,0,7,0,0,0,0,0,0,0,1,3,8,0,1,2,0,2,1,0,6,1,0,1,5,0,0,0,1,0,1,0,1,0,0,0,0,0,1,0,0,0,2,1,0,0,0,0,0,0,0,0,8,4,0,0,0,8,0,0,23,0,0,0,2,0,0,1,6,0,0,0,0,0,1,0,0,0,0,0,0,0,0,0,0,1,0,5,0,0,0,0,0,7,0,1,0,0,2,0,0,0,0,0,3,0,0,0,8,5,0,0,0,0,0,1,4,0,0,0,11,1,0,0,0,0,0,0,0,1,0,22,3,0,0,0,4,0,0,0,0,0,0,0,4,2,0,0,"yellow",-0.274774977521179,0.102562540691932,-0.276108657941005,0.0910607713282836,-0.283264604347489,0.0886474232670423,-0.0603555743606446,0.0383065879536891,-0.169974462081103,0.00384486551476644,-0.202974239709896,-0.0163015256287682,-0.169627045415539,0.0978880287968131,0.335684228185878,0.169598752720502,-0.187080148621979,0.00438797631774162
